SET FOREIGN_KEY_CHECKS=0;

-- ----------------------------
-- Table structure for m_country
-- ----------------------------
DROP TABLE IF EXISTS `m_country`;
CREATE TABLE `m_country` (
`country_id`  varchar(3) CHARACTER SET utf8 COLLATE utf8_general_ci NOT NULL DEFAULT '' ,
`country_name`  varchar(32) CHARACTER SET utf8 COLLATE utf8_general_ci NOT NULL ,
`create_time`  datetime NOT NULL ,
`update_time`  datetime NULL DEFAULT NULL ,
`del_flag`  decimal(10,0) NOT NULL ,
PRIMARY KEY (`country_id`)
)
ENGINE=InnoDB
DEFAULT CHARACTER SET=utf8 COLLATE=utf8_general_ci
;

-- ----------------------------
-- Table structure for m_player
-- ----------------------------
DROP TABLE IF EXISTS `m_player`;
CREATE TABLE `m_player` (
`player_id`  int(11) NOT NULL AUTO_INCREMENT ,
`player_first_name`  varchar(32) CHARACTER SET utf8 COLLATE utf8_general_ci NULL DEFAULT NULL ,
`player_second_name`  varchar(32) CHARACTER SET utf8 COLLATE utf8_general_ci NULL DEFAULT NULL ,
`player_first_name_en`  varchar(32) CHARACTER SET utf8 COLLATE utf8_general_ci NULL DEFAULT NULL ,
`player_second_name_en`  varchar(32) CHARACTER SET utf8 COLLATE utf8_general_ci NULL DEFAULT NULL ,
`birthday`  date NULL DEFAULT NULL ,
`gender`  decimal(1,0) NOT NULL ,
`weight_id`  tinyint(4) NOT NULL ,
`avartar`  int(11) NULL DEFAULT NULL ,
`champion_rank`  int(5) NULL DEFAULT NULL ,
`champion_point`  int(5) NULL DEFAULT NULL ,
`olympics_rank`  int(5) NULL DEFAULT NULL ,
`olympics_point`  int(5) NULL DEFAULT NULL ,
`id_person`  int(11) NULL DEFAULT NULL ,
`create_time`  datetime NOT NULL ,
`update_time`  datetime NULL DEFAULT NULL ,
`del_flag`  decimal(1,0) NULL DEFAULT NULL ,
PRIMARY KEY (`player_id`),
INDEX `weight_id` (`weight_id`) USING BTREE 
)
ENGINE=InnoDB
DEFAULT CHARACTER SET=utf8 COLLATE=utf8_general_ci
AUTO_INCREMENT=179
;

-- ----------------------------
-- Table structure for m_rank
-- ----------------------------
DROP TABLE IF EXISTS `m_rank`;
CREATE TABLE `m_rank` (
`rank_id`  int(11) NOT NULL AUTO_INCREMENT ,
`rank_kind`  decimal(1,0) NULL DEFAULT NULL ,
`rank_name`  varchar(32) CHARACTER SET utf8 COLLATE utf8_general_ci NULL DEFAULT NULL ,
`vpercent`  int(3) NULL DEFAULT NULL ,
`create_time`  datetime NOT NULL ,
`update_time`  datetime NULL DEFAULT NULL ,
`del_flag`  decimal(1,0) NOT NULL ,
PRIMARY KEY (`rank_id`)
)
ENGINE=InnoDB
DEFAULT CHARACTER SET=utf8 COLLATE=utf8_general_ci
AUTO_INCREMENT=15
;

-- ----------------------------
-- Table structure for m_shistory
-- ----------------------------
DROP TABLE IF EXISTS `m_shistory`;
CREATE TABLE `m_shistory` (
`shistory_id`  int(11) NOT NULL AUTO_INCREMENT ,
`player_id`  int(11) NOT NULL ,
`tournament_id`  int(11) NOT NULL ,
`add_point`  int(3) NOT NULL ,
`weight_id`  tinyint(4) NULL DEFAULT NULL ,
`create_time`  datetime NOT NULL ,
`update_time`  datetime NULL DEFAULT NULL ,
`del_flag`  decimal(1,0) NULL DEFAULT NULL ,
PRIMARY KEY (`shistory_id`),
INDEX `player_id` (`player_id`) USING BTREE 
)
ENGINE=InnoDB
DEFAULT CHARACTER SET=utf8 COLLATE=utf8_general_ci
AUTO_INCREMENT=28
;

-- ----------------------------
-- Table structure for m_superplayer
-- ----------------------------
DROP TABLE IF EXISTS `m_superplayer`;
CREATE TABLE `m_superplayer` (
`player_id`  int(11) NOT NULL AUTO_INCREMENT ,
`player_name`  varchar(32) CHARACTER SET utf8 COLLATE utf8_general_ci NOT NULL ,
`gender`  decimal(1,0) NOT NULL ,
`weight_id`  tinyint(4) NOT NULL ,
`country_id`  varchar(3) CHARACTER SET utf8 COLLATE utf8_general_ci NOT NULL ,
`point_sum`  int(11) NULL DEFAULT NULL ,
`id_person`  int(11) NULL DEFAULT NULL ,
`create_time`  datetime NOT NULL ,
`update_time`  datetime NULL DEFAULT NULL ,
`del_flag`  decimal(1,0) NULL DEFAULT NULL ,
PRIMARY KEY (`player_id`),
INDEX `weight_id` (`weight_id`) USING BTREE ,
INDEX `country_id` (`country_id`) USING BTREE 
)
ENGINE=InnoDB
DEFAULT CHARACTER SET=utf8 COLLATE=utf8_general_ci
AUTO_INCREMENT=20
;

-- ----------------------------
-- Table structure for m_tname
-- ----------------------------
DROP TABLE IF EXISTS `m_tname`;
CREATE TABLE `m_tname` (
`tname_id`  int(11) NOT NULL AUTO_INCREMENT ,
`tname_name`  varchar(32) CHARACTER SET utf8 COLLATE utf8_general_ci NULL DEFAULT NULL ,
`tname_name_en`  varchar(32) CHARACTER SET utf8 COLLATE utf8_general_ci NULL DEFAULT NULL ,
`tname_type`  decimal(1,0) NULL DEFAULT NULL ,
`level_type`  decimal(1,0) NULL DEFAULT NULL ,
`start_point`  int(11) NULL DEFAULT NULL ,
`create_time`  datetime NOT NULL ,
`update_time`  datetime NULL DEFAULT NULL ,
`del_flag`  decimal(1,0) NOT NULL ,
PRIMARY KEY (`tname_id`)
)
ENGINE=InnoDB
DEFAULT CHARACTER SET=utf8 COLLATE=utf8_general_ci
AUTO_INCREMENT=20
;

-- ----------------------------
-- Table structure for m_user
-- ----------------------------
DROP TABLE IF EXISTS `m_user`;
CREATE TABLE `m_user` (
`user_id`  int(10) UNSIGNED NOT NULL AUTO_INCREMENT ,
`user_type`  int(11) NOT NULL ,
`user_name`  varchar(20) CHARACTER SET utf8 COLLATE utf8_general_ci NOT NULL ,
`avartar`  varchar(100) CHARACTER SET utf8 COLLATE utf8_general_ci NULL DEFAULT NULL ,
`email`  varchar(50) CHARACTER SET utf8 COLLATE utf8_general_ci NULL DEFAULT NULL ,
`password`  varchar(32) CHARACTER SET utf8 COLLATE utf8_general_ci NOT NULL ,
`gender_assign`  decimal(1,0) NULL DEFAULT NULL ,
`activate_key`  varchar(32) CHARACTER SET utf8 COLLATE utf8_general_ci NULL DEFAULT NULL ,
`activate_until`  datetime NULL DEFAULT NULL ,
`access_time`  datetime NULL DEFAULT NULL ,
`create_time`  datetime NOT NULL ,
`update_time`  datetime NULL DEFAULT NULL ,
`del_flag`  decimal(1,0) NOT NULL ,
PRIMARY KEY (`user_id`)
)
ENGINE=InnoDB
DEFAULT CHARACTER SET=utf8 COLLATE=utf8_general_ci
AUTO_INCREMENT=8
;

-- ----------------------------
-- Table structure for m_vpoint
-- ----------------------------
DROP TABLE IF EXISTS `m_vpoint`;
CREATE TABLE `m_vpoint` (
`vpoint_id`  int(11) NOT NULL AUTO_INCREMENT ,
`tname_id`  int(11) NULL DEFAULT NULL ,
`level`  decimal(1,0) NULL DEFAULT NULL ,
`rank_id`  tinyint(4) NULL DEFAULT NULL ,
`vpoint`  int(11) NULL DEFAULT NULL ,
`create_time`  datetime NOT NULL ,
`update_time`  datetime NULL DEFAULT NULL ,
`del_flag`  decimal(1,0) NOT NULL ,
PRIMARY KEY (`vpoint_id`),
INDEX `tname_id` (`tname_id`) USING BTREE ,
INDEX `level` (`level`) USING BTREE ,
INDEX `rank_id` (`rank_id`) USING BTREE 
)
ENGINE=InnoDB
DEFAULT CHARACTER SET=utf8 COLLATE=utf8_general_ci
AUTO_INCREMENT=61
;

-- ----------------------------
-- Table structure for m_weight
-- ----------------------------
DROP TABLE IF EXISTS `m_weight`;
CREATE TABLE `m_weight` (
`weight_id`  int(4) NOT NULL AUTO_INCREMENT ,
`gender`  decimal(1,0) NULL DEFAULT NULL ,
`weight_name`  varchar(32) CHARACTER SET utf8 COLLATE utf8_general_ci NULL DEFAULT NULL ,
`weight_size`  int(11) NULL DEFAULT NULL ,
`level_threshold`  int(4) NULL DEFAULT NULL ,
`create_time`  datetime NOT NULL ,
`update_time`  datetime NULL DEFAULT NULL ,
`del_flag`  decimal(1,0) NOT NULL ,
PRIMARY KEY (`weight_id`)
)
ENGINE=InnoDB
DEFAULT CHARACTER SET=utf8 COLLATE=utf8_general_ci
AUTO_INCREMENT=15
;

-- ----------------------------
-- Table structure for t_patch
-- ----------------------------
DROP TABLE IF EXISTS `t_patch`;
CREATE TABLE `t_patch` (
`patch_id`  int(10) UNSIGNED NOT NULL AUTO_INCREMENT ,
`version`  varchar(10) CHARACTER SET utf8 COLLATE utf8_general_ci NOT NULL ,
`description`  mediumtext CHARACTER SET utf8 COLLATE utf8_general_ci NOT NULL ,
`create_time`  datetime NOT NULL ,
`update_time`  datetime NULL DEFAULT NULL ,
`del_flag`  decimal(1,0) NOT NULL ,
PRIMARY KEY (`patch_id`)
)
ENGINE=InnoDB
DEFAULT CHARACTER SET=utf8 COLLATE=utf8_general_ci
AUTO_INCREMENT=2

;

-- ----------------------------
-- Table structure for t_result
-- ----------------------------
DROP TABLE IF EXISTS `t_result`;
CREATE TABLE `t_result` (
`result_id`  int(11) NOT NULL AUTO_INCREMENT ,
`year`  int(4) NULL DEFAULT NULL ,
`tournament_id`  int(11) NULL DEFAULT NULL ,
`player_id`  int(11) NULL DEFAULT NULL ,
`weight_id`  tinyint(4) NULL DEFAULT NULL ,
`play_mode`  decimal(1,0) NULL DEFAULT NULL ,
`rank_id`  tinyint(4) NULL DEFAULT NULL ,
`team_rank_id`  tinyint(4) NULL DEFAULT NULL ,
`result_time`  date NULL DEFAULT NULL ,
`status`  decimal(1,0) NULL DEFAULT 0 ,
`user_id`  int(11) NULL DEFAULT NULL ,
`create_time`  datetime NULL DEFAULT NULL ,
`update_time`  datetime NULL DEFAULT NULL ,
`del_flag`  decimal(1,0) NULL DEFAULT NULL ,
PRIMARY KEY (`result_id`),
INDEX `tournament_id` (`tournament_id`) USING BTREE ,
INDEX `player_id` (`player_id`) USING BTREE ,
INDEX `weight_id` (`weight_id`) USING BTREE ,
INDEX `rank_id` (`rank_id`) USING BTREE 
)
ENGINE=InnoDB
DEFAULT CHARACTER SET=utf8 COLLATE=utf8_general_ci
AUTO_INCREMENT=247
;

-- ----------------------------
-- Table structure for t_result_detail
-- ----------------------------
DROP TABLE IF EXISTS `t_result_detail`;
CREATE TABLE `t_result_detail` (
`result_detail_id`  int(11) NOT NULL AUTO_INCREMENT ,
`result_id`  int(11) NULL DEFAULT NULL ,
`superplayer_id`  int(11) NULL DEFAULT NULL ,
`create_time`  datetime NULL DEFAULT NULL ,
`update_time`  datetime NULL DEFAULT NULL ,
`del_flag`  decimal(1,0) NULL DEFAULT NULL ,
PRIMARY KEY (`result_detail_id`),
INDEX `result_id` (`result_id`) USING BTREE ,
INDEX `superplayer_id` (`superplayer_id`) USING BTREE 
)
ENGINE=InnoDB
DEFAULT CHARACTER SET=utf8 COLLATE=utf8_general_ci
AUTO_INCREMENT=3
;

-- ----------------------------
-- Table structure for t_session
-- ----------------------------
DROP TABLE IF EXISTS `t_session`;
CREATE TABLE `t_session` (
`session_id`  varchar(40) CHARACTER SET utf8 COLLATE utf8_general_ci NOT NULL DEFAULT '' ,
`user_id`  int(11) NOT NULL DEFAULT 0 ,
`login_time`  datetime NULL DEFAULT NULL ,
`access_time`  datetime NULL DEFAULT NULL ,
`ip`  varchar(15) CHARACTER SET utf8 COLLATE utf8_general_ci NOT NULL ,
`create_time`  datetime NOT NULL ,
`update_time`  datetime NULL DEFAULT NULL ,
`del_flag`  int(1) NOT NULL ,
PRIMARY KEY (`session_id`, `user_id`),
INDEX `access_time` (`access_time`) USING BTREE 
)
ENGINE=InnoDB
DEFAULT CHARACTER SET=utf8 COLLATE=utf8_general_ci
;

-- ----------------------------
-- Table structure for t_tlevel
-- ----------------------------
DROP TABLE IF EXISTS `t_tlevel`;
CREATE TABLE `t_tlevel` (
`tlevel_id`  int(11) NOT NULL AUTO_INCREMENT ,
`tournament_id`  int(11) NULL DEFAULT NULL ,
`weight_id`  tinyint(4) NULL DEFAULT NULL ,
`level`  decimal(1,0) NULL DEFAULT NULL ,
`create_time`  datetime NULL DEFAULT NULL ,
`update_time`  datetime NULL DEFAULT NULL ,
`del_flag`  decimal(1,0) NULL DEFAULT NULL ,
PRIMARY KEY (`tlevel_id`),
INDEX `tournament_id` (`tournament_id`) USING BTREE ,
INDEX `weight_id` (`weight_id`) USING BTREE ,
INDEX `level` (`level`) USING BTREE 
)
ENGINE=InnoDB
DEFAULT CHARACTER SET=utf8 COLLATE=utf8_general_ci
AUTO_INCREMENT=393
;

-- ----------------------------
-- Table structure for t_tournament
-- ----------------------------
DROP TABLE IF EXISTS `t_tournament`;
CREATE TABLE `t_tournament` (
`tournament_id`  int(11) NOT NULL AUTO_INCREMENT ,
`tname_id`  int(11) NULL DEFAULT NULL ,
`tournament_name`  varchar(50) CHARACTER SET utf8 COLLATE utf8_general_ci NULL DEFAULT NULL ,
`tournament_name_en`  varchar(100) CHARACTER SET utf8 COLLATE utf8_general_ci NULL DEFAULT NULL ,
`open_year`  int(11) NULL DEFAULT NULL ,
`country_id`  varchar(3) CHARACTER SET utf8 COLLATE utf8_general_ci NULL DEFAULT NULL ,
`start_date`  datetime NULL DEFAULT NULL ,
`end_date`  datetime NULL DEFAULT NULL ,
`id_competition`  int(11) NULL DEFAULT NULL ,
`create_time`  datetime NULL DEFAULT NULL ,
`update_time`  datetime NULL DEFAULT NULL ,
`del_flag`  decimal(1,0) NULL DEFAULT NULL ,
PRIMARY KEY (`tournament_id`),
INDEX `tname_id` (`tname_id`) USING BTREE ,
INDEX `country_id` (`country_id`) USING BTREE 
)
ENGINE=InnoDB
DEFAULT CHARACTER SET=utf8 COLLATE=utf8_general_ci
AUTO_INCREMENT=36
;

-- ----------------------------
-- Table structure for t_trank
-- ----------------------------
DROP TABLE IF EXISTS `t_trank`;
CREATE TABLE `t_trank` (
`trank_id`  int(11) NOT NULL AUTO_INCREMENT ,
`tournament_id`  int(11) NULL DEFAULT NULL ,
`gender`  decimal(1,0) NULL DEFAULT NULL ,
`weight_id`  tinyint(4) NULL DEFAULT NULL ,
`ijf_rank`  int(11) NULL DEFAULT NULL ,
`rank`  int(11) NULL DEFAULT NULL ,
`country_id`  varchar(3) CHARACTER SET utf8 COLLATE utf8_general_ci NULL DEFAULT NULL ,
`short_name`  varchar(10) CHARACTER SET utf8 COLLATE utf8_general_ci NULL DEFAULT NULL ,
`create_time`  datetime NULL DEFAULT NULL ,
`update_time`  datetime NULL DEFAULT NULL ,
`del_flag`  decimal(1,0) NULL DEFAULT NULL ,
PRIMARY KEY (`trank_id`),
INDEX `tournament_id` (`tournament_id`) USING BTREE ,
INDEX `weight_id` (`weight_id`) USING BTREE ,
INDEX `level` (`ijf_rank`) USING BTREE 
)
ENGINE=InnoDB
DEFAULT CHARACTER SET=utf8 COLLATE=utf8_general_ci
AUTO_INCREMENT=1065
;

INSERT INTO `m_country` VALUES ('ABW', 'アルバ', '0000-00-00 00:00:00', null, '0'), ('AFG', 'アフガニスタン', '0000-00-00 00:00:00', null, '0'), ('AIA', 'アンギラ', '0000-00-00 00:00:00', null, '0'), ('ALB', 'アルバニア', '0000-00-00 00:00:00', null, '0'), ('AND', 'アンドラ', '0000-00-00 00:00:00', null, '0'), ('ANG', 'アンゴラ', '0000-00-00 00:00:00', null, '0'), ('ANT', 'オランダ領アンティル', '0000-00-00 00:00:00', null, '0'), ('ARE', 'アラブ首長国連邦', '0000-00-00 00:00:00', null, '0'), ('ARG', 'アルゼンチン', '0000-00-00 00:00:00', null, '0'), ('ARM', 'アルメニア', '0000-00-00 00:00:00', null, '0'), ('ASA', '米領サモア', '0000-00-00 00:00:00', null, '0'), ('ATA', '南極大陸', '0000-00-00 00:00:00', null, '0'), ('ATG', 'アンティグア・バーブーダ', '0000-00-00 00:00:00', null, '0'), ('AUS', 'オーストラリア', '0000-00-00 00:00:00', null, '0'), ('AUT', 'オーストリア', '0000-00-00 00:00:00', null, '0'), ('AZE', 'アゼルバイジャン', '0000-00-00 00:00:00', null, '0'), ('BDI', 'ブルンジ', '0000-00-00 00:00:00', null, '0'), ('BEL', 'ベルギー', '0000-00-00 00:00:00', null, '0'), ('BEN', 'ベナン', '0000-00-00 00:00:00', null, '0'), ('BFA', 'ブルキナファソ', '0000-00-00 00:00:00', null, '0'), ('BGD', 'バングラディシュ', '0000-00-00 00:00:00', null, '0'), ('BGR', 'ブルガリア', '0000-00-00 00:00:00', null, '0'), ('BHR', 'バーレーン', '0000-00-00 00:00:00', null, '0'), ('BHS', 'バハマ', '0000-00-00 00:00:00', null, '0'), ('BIH', 'ボスニア・ヘルツェゴビナ', '0000-00-00 00:00:00', null, '0'), ('BLR', 'ベラルーシ', '0000-00-00 00:00:00', null, '0'), ('BLZ', 'ベリーズ', '0000-00-00 00:00:00', null, '0'), ('BMU', 'バミューダ諸島', '0000-00-00 00:00:00', null, '0'), ('BOL', 'ボリビア', '0000-00-00 00:00:00', null, '0'), ('BRA', 'ブラジル', '0000-00-00 00:00:00', null, '0'), ('BRB', 'バルバドス', '0000-00-00 00:00:00', null, '0'), ('BRN', 'ブルネイ', '0000-00-00 00:00:00', null, '0'), ('BTN', 'ブータン', '0000-00-00 00:00:00', null, '0'), ('BWA', 'ボツワナ', '0000-00-00 00:00:00', null, '0'), ('CAF', '中央アフリカ', '0000-00-00 00:00:00', null, '0'), ('CAN', 'カナダ', '0000-00-00 00:00:00', null, '0'), ('CCK', 'ココス諸島', '0000-00-00 00:00:00', null, '0'), ('CHE', 'スイス', '0000-00-00 00:00:00', null, '0'), ('CHI', 'チャネル諸島', '0000-00-00 00:00:00', null, '0'), ('CHL', 'チリ', '0000-00-00 00:00:00', null, '0'), ('CHN', '中華人民共和国(中国)', '0000-00-00 00:00:00', null, '0'), ('CIV', 'コートジボワール', '0000-00-00 00:00:00', null, '0'), ('CMR', 'カメルーン', '0000-00-00 00:00:00', null, '0'), ('COD', 'コンゴ民主共和国', '0000-00-00 00:00:00', null, '0'), ('COG', 'コンゴ共和国', '0000-00-00 00:00:00', null, '0'), ('COK', 'クック諸島', '0000-00-00 00:00:00', null, '0'), ('COL', 'コロンビア', '0000-00-00 00:00:00', null, '0'), ('COM', 'コモロ連合', '0000-00-00 00:00:00', null, '0'), ('CPV', 'カーボヴェルデ', '0000-00-00 00:00:00', null, '0'), ('CRI', 'コスタリカ', '0000-00-00 00:00:00', null, '0'), ('CUB', 'キューバ', '0000-00-00 00:00:00', null, '0'), ('CXR', 'クリスマス島', '0000-00-00 00:00:00', null, '0'), ('CYM', 'ケイマン諸島', '0000-00-00 00:00:00', null, '0'), ('CYP', 'キプロス', '0000-00-00 00:00:00', null, '0'), ('CZE', 'チェコ', '0000-00-00 00:00:00', null, '0'), ('DEU', 'ドイツ', '0000-00-00 00:00:00', null, '0'), ('DJI', 'ジブチ', '0000-00-00 00:00:00', null, '0'), ('DMA', 'ドミニカ国', '0000-00-00 00:00:00', null, '0'), ('DNK', 'デンマーク', '0000-00-00 00:00:00', null, '0'), ('DOM', 'ドミニカ共和国', '0000-00-00 00:00:00', null, '0'), ('DZA', 'アルジェリア', '0000-00-00 00:00:00', null, '0'), ('ECU', 'エクアドル', '0000-00-00 00:00:00', null, '0'), ('EGY', 'エジプト', '0000-00-00 00:00:00', null, '0'), ('ERI', 'エリトリア', '0000-00-00 00:00:00', null, '0'), ('ESH', '西サハラ', '0000-00-00 00:00:00', null, '0'), ('ESP', 'スペイン', '0000-00-00 00:00:00', null, '0'), ('EST', 'エストニア', '0000-00-00 00:00:00', null, '0'), ('ETH', 'エチオピア', '0000-00-00 00:00:00', null, '0'), ('FIN', 'フィンランド', '0000-00-00 00:00:00', null, '0'), ('FJI', 'フィジー諸島', '0000-00-00 00:00:00', null, '0'), ('FLK', 'フォークランド（マルビナス）諸島', '0000-00-00 00:00:00', null, '0'), ('FRA', 'フランス', '0000-00-00 00:00:00', null, '0'), ('FRO', 'フェロー諸島', '0000-00-00 00:00:00', null, '0'), ('FSM', 'ミクロネシア連邦', '0000-00-00 00:00:00', null, '0'), ('GAB', 'ガボン', '0000-00-00 00:00:00', null, '0'), ('GBR', '英国', '0000-00-00 00:00:00', null, '0'), ('GEO', 'ジョージア', '0000-00-00 00:00:00', null, '0'), ('GHA', 'ガーナ', '0000-00-00 00:00:00', null, '0'), ('GIB', 'ジブラルタル', '0000-00-00 00:00:00', null, '0'), ('GIN', 'ギニア', '0000-00-00 00:00:00', null, '0'), ('GLP', 'グアドループ島', '0000-00-00 00:00:00', null, '0'), ('GMB', 'ガンビア', '0000-00-00 00:00:00', null, '0'), ('GNB', 'ギニアビサウ', '0000-00-00 00:00:00', null, '0'), ('GNQ', '赤道ギニア', '0000-00-00 00:00:00', null, '0'), ('GRD', 'グレナダ', '0000-00-00 00:00:00', null, '0'), ('GRE', 'ギリシャ', '0000-00-00 00:00:00', null, '0'), ('GRL', 'グリーンランド', '0000-00-00 00:00:00', null, '0'), ('GTM', 'グアテマラ', '0000-00-00 00:00:00', null, '0'), ('GUF', 'フランス領ギアナ', '0000-00-00 00:00:00', null, '0'), ('GUM', 'グアム', '0000-00-00 00:00:00', null, '0'), ('GUY', 'ガイアナ', '0000-00-00 00:00:00', null, '0'), ('HKG', '香港', '0000-00-00 00:00:00', null, '0'), ('HND', 'ホンジュラス', '0000-00-00 00:00:00', null, '0'), ('HRV', 'クロアチア', '0000-00-00 00:00:00', null, '0'), ('HTI', 'ハイチ', '0000-00-00 00:00:00', null, '0'), ('HUN', 'ハンガリー', '0000-00-00 00:00:00', null, '0'), ('IDN', 'インドネシア', '0000-00-00 00:00:00', null, '0'), ('IMN', 'マン島', '0000-00-00 00:00:00', null, '0'), ('IND', 'インド', '0000-00-00 00:00:00', null, '0'), ('IOT', '英領インド洋地域', '0000-00-00 00:00:00', null, '0');
INSERT INTO `m_country` VALUES ('IRL', 'アイルランド', '0000-00-00 00:00:00', null, '0'), ('IRN', 'イラン', '0000-00-00 00:00:00', null, '0'), ('IRQ', 'イラク', '0000-00-00 00:00:00', null, '0'), ('ISL', 'アイスランド', '0000-00-00 00:00:00', null, '0'), ('ISR', 'イスラエル', '0000-00-00 00:00:00', null, '0'), ('ITA', 'イタリア', '0000-00-00 00:00:00', null, '0'), ('JAM', 'ジャマイカ', '0000-00-00 00:00:00', null, '0'), ('JON', 'ジョンストン島', '0000-00-00 00:00:00', null, '0'), ('JOR', 'ヨルダン', '0000-00-00 00:00:00', null, '0'), ('KAS', 'カシミール', '0000-00-00 00:00:00', null, '0'), ('KAZ', 'カザフスタン', '0000-00-00 00:00:00', null, '0'), ('KEN', 'ケニア', '0000-00-00 00:00:00', null, '0'), ('KGZ', 'キルギス', '0000-00-00 00:00:00', null, '0'), ('KHM', 'カンボジア', '0000-00-00 00:00:00', null, '0'), ('KIR', 'キリバス', '0000-00-00 00:00:00', null, '0'), ('KNA', 'セントクリストファー・ネイビス', '0000-00-00 00:00:00', null, '0'), ('KOR', '大韓民国(韓国)', '0000-00-00 00:00:00', null, '0'), ('KWT', 'クウェート', '0000-00-00 00:00:00', null, '0'), ('LAO', 'ラオス', '0000-00-00 00:00:00', null, '0'), ('LBN', 'レバノン', '0000-00-00 00:00:00', null, '0'), ('LBR', 'リベリア', '0000-00-00 00:00:00', null, '0'), ('LBY', 'リビア', '0000-00-00 00:00:00', null, '0'), ('LCA', 'セントルシア', '0000-00-00 00:00:00', null, '0'), ('LIE', 'リヒテンシュタイン', '0000-00-00 00:00:00', null, '0'), ('LKA', 'スリランカ', '0000-00-00 00:00:00', null, '0'), ('LSO', 'レソト', '0000-00-00 00:00:00', null, '0'), ('LTU', 'リトアニア', '0000-00-00 00:00:00', null, '0'), ('LUX', 'ルクセンブルク', '0000-00-00 00:00:00', null, '0'), ('LVA', 'ラトビア', '0000-00-00 00:00:00', null, '0'), ('MAC', 'マカオ', '0000-00-00 00:00:00', null, '0'), ('MAR', 'モロッコ', '0000-00-00 00:00:00', null, '0'), ('MCO', 'モナコ', '0000-00-00 00:00:00', null, '0'), ('MDA', 'モルドバ', '0000-00-00 00:00:00', null, '0'), ('MDG', 'マダガスカル', '0000-00-00 00:00:00', null, '0'), ('MDV', 'モルディブ', '0000-00-00 00:00:00', null, '0'), ('MEX', 'メキシコ', '0000-00-00 00:00:00', null, '0'), ('MHL', 'マーシャル諸島', '0000-00-00 00:00:00', null, '0'), ('MID', 'ミッドウェー諸島', '0000-00-00 00:00:00', null, '0'), ('MKD', 'マケドニア旧ユーゴスラビア', '0000-00-00 00:00:00', null, '0'), ('MLI', 'マリ', '0000-00-00 00:00:00', null, '0'), ('MLT', 'マルタ', '0000-00-00 00:00:00', null, '0'), ('MMR', 'ミャンマー', '0000-00-00 00:00:00', null, '0'), ('MNE', 'モンテネグロ', '0000-00-00 00:00:00', null, '0'), ('MNG', 'モンゴル', '0000-00-00 00:00:00', null, '0'), ('MNP', '北マリアナ諸島', '0000-00-00 00:00:00', null, '0'), ('MOZ', 'モザンビーク', '0000-00-00 00:00:00', null, '0'), ('MRT', 'モーリタニア', '0000-00-00 00:00:00', null, '0'), ('MSR', 'モンセラット', '0000-00-00 00:00:00', null, '0'), ('MTQ', 'マルチニーク島', '0000-00-00 00:00:00', null, '0'), ('MUS', 'モーリシャス', '0000-00-00 00:00:00', null, '0'), ('MWI', 'マラウイ', '0000-00-00 00:00:00', null, '0'), ('MYS', 'マレーシア', '0000-00-00 00:00:00', null, '0'), ('MYT', 'マイヨット島', '0000-00-00 00:00:00', null, '0'), ('NAM', 'ナミビア', '0000-00-00 00:00:00', null, '0'), ('NCL', 'ニューカレドニア', '0000-00-00 00:00:00', null, '0'), ('NER', 'ニジェール', '0000-00-00 00:00:00', null, '0'), ('NFK', 'ノーフォーク島', '0000-00-00 00:00:00', null, '0'), ('NGA', 'ナイジェリア', '0000-00-00 00:00:00', null, '0'), ('NIC', 'ニカラグア', '0000-00-00 00:00:00', null, '0'), ('NIU', 'ニウエ', '0000-00-00 00:00:00', null, '0'), ('NLD', 'オランダ', '0000-00-00 00:00:00', null, '0'), ('NOR', 'ノルウェー', '0000-00-00 00:00:00', null, '0'), ('NPL', 'ネパール', '0000-00-00 00:00:00', null, '0'), ('NRU', 'ナウル', '0000-00-00 00:00:00', null, '0'), ('NZL', 'ニュージーランド', '0000-00-00 00:00:00', null, '0'), ('OMN', 'オマーン', '0000-00-00 00:00:00', null, '0'), ('PAK', 'パキスタン', '0000-00-00 00:00:00', null, '0'), ('PAN', 'パナマ', '0000-00-00 00:00:00', null, '0'), ('PCN', 'ピトケアン島', '0000-00-00 00:00:00', null, '0'), ('PER', 'ペルー', '0000-00-00 00:00:00', null, '0'), ('PHL', 'フィリピン', '0000-00-00 00:00:00', null, '0'), ('PLW', 'パラオ', '0000-00-00 00:00:00', null, '0'), ('PNG', 'パプアニューギニア', '0000-00-00 00:00:00', null, '0'), ('POL', 'ポーランド', '0000-00-00 00:00:00', null, '0'), ('PRI', 'プエルトリコ', '0000-00-00 00:00:00', null, '0'), ('PRK', '北朝鮮', '0000-00-00 00:00:00', null, '0'), ('PRT', 'ポルトガル', '0000-00-00 00:00:00', null, '0'), ('PRY', 'パラグアイ', '0000-00-00 00:00:00', null, '0'), ('PSE', 'パレスチナ', '0000-00-00 00:00:00', null, '0'), ('PYF', 'フランス領ポリネシア', '0000-00-00 00:00:00', null, '0'), ('QAT', 'カタール', '0000-00-00 00:00:00', null, '0'), ('REU', 'レユニオン', '0000-00-00 00:00:00', null, '0'), ('ROU', 'ルーマニア', '0000-00-00 00:00:00', null, '0'), ('RUS', 'ロシア', '0000-00-00 00:00:00', null, '0'), ('RWA', 'ルワンダ', '0000-00-00 00:00:00', null, '0'), ('SAU', 'サウジアラビア', '0000-00-00 00:00:00', null, '0'), ('SDN', 'スーダン', '0000-00-00 00:00:00', null, '0'), ('SEN', 'セネガル', '0000-00-00 00:00:00', null, '0'), ('SGP', 'シンガポール', '0000-00-00 00:00:00', null, '0'), ('SHN', 'セントヘレナ島', '0000-00-00 00:00:00', null, '0'), ('SJM', 'スバールバル諸島・ヤンマイエン諸島', '0000-00-00 00:00:00', null, '0'), ('SLB', 'ソロモン諸島', '0000-00-00 00:00:00', null, '0'), ('SLE', 'シエラレオネ', '0000-00-00 00:00:00', null, '0'), ('SLV', 'エルサルバドル', '0000-00-00 00:00:00', null, '0'), ('SMR', 'サンマリノ', '0000-00-00 00:00:00', null, '0'), ('SOM', 'ソマリア', '0000-00-00 00:00:00', null, '0'), ('SPM', 'サンピエール島・ミクロン島', '0000-00-00 00:00:00', null, '0'), ('SRB', 'セルビア', '0000-00-00 00:00:00', null, '0'), ('STP', 'サントメ・プリンシペ', '0000-00-00 00:00:00', null, '0'), ('SUR', 'スリナム', '0000-00-00 00:00:00', null, '0');
INSERT INTO `m_country` VALUES ('SVK', 'スロバキア', '0000-00-00 00:00:00', null, '0'), ('SVN', 'スロベニア', '0000-00-00 00:00:00', null, '0'), ('SWE', 'スウェーデン', '0000-00-00 00:00:00', null, '0'), ('SWZ', 'スワジランド', '0000-00-00 00:00:00', null, '0'), ('SYC', 'セイシェル', '0000-00-00 00:00:00', null, '0'), ('SYR', 'シリア', '0000-00-00 00:00:00', null, '0'), ('TCA', 'タークス諸島・カイコス諸島', '0000-00-00 00:00:00', null, '0'), ('TCD', 'チャド', '0000-00-00 00:00:00', null, '0'), ('TGO', 'トーゴ', '0000-00-00 00:00:00', null, '0'), ('THA', 'タイ', '0000-00-00 00:00:00', null, '0'), ('TJK', 'タジキスタン', '0000-00-00 00:00:00', null, '0'), ('TKL', 'トケラウ諸島', '0000-00-00 00:00:00', null, '0'), ('TKM', 'トルクメニスタン', '0000-00-00 00:00:00', null, '0'), ('TLS', '東ティモール', '0000-00-00 00:00:00', null, '0'), ('TON', 'トンガ', '0000-00-00 00:00:00', null, '0'), ('TTO', 'トリニダード・トバゴ', '0000-00-00 00:00:00', null, '0'), ('TUN', 'チュニジア', '0000-00-00 00:00:00', null, '0'), ('TUR', 'トルコ', '0000-00-00 00:00:00', null, '0'), ('TUV', 'ツバル', '0000-00-00 00:00:00', null, '0'), ('TWN', '台湾', '0000-00-00 00:00:00', null, '0'), ('TZA', 'タンザニア', '0000-00-00 00:00:00', null, '0'), ('UGA', 'ウガンダ', '0000-00-00 00:00:00', null, '0'), ('UKR', 'ウクライナ', '0000-00-00 00:00:00', null, '0'), ('URY', 'ウルグアイ', '0000-00-00 00:00:00', null, '0'), ('USA', '米国', '0000-00-00 00:00:00', null, '0'), ('UZB', 'ウズベキスタン', '0000-00-00 00:00:00', null, '0'), ('VAT', 'バチカン市国', '0000-00-00 00:00:00', null, '0'), ('VCT', 'セントビンセント及びグレナディーン諸島', '0000-00-00 00:00:00', null, '0'), ('VEN', 'ベネズエラ', '0000-00-00 00:00:00', null, '0'), ('VGB', '英領バージン諸島', '0000-00-00 00:00:00', null, '0'), ('VIR', '米領バージン諸島', '0000-00-00 00:00:00', null, '0'), ('VNM', 'ベトナム', '0000-00-00 00:00:00', null, '0'), ('VUT', 'バヌアツ', '0000-00-00 00:00:00', null, '0'), ('WAK', 'ウェーク島', '0000-00-00 00:00:00', null, '0'), ('WLF', 'ワリス・フテュナ諸島', '0000-00-00 00:00:00', null, '0'), ('WSM', 'サモア', '0000-00-00 00:00:00', null, '0'), ('YEM', 'イエメン', '0000-00-00 00:00:00', null, '0'), ('ZAF', '南アフリカ', '0000-00-00 00:00:00', null, '0'), ('ZMB', 'ザンビア', '0000-00-00 00:00:00', null, '0'), ('ZWE', 'ジンバブエ', '0000-00-00 00:00:00', null, '0'), ('JPN', '日本', '0000-00-00 00:00:00', null, '0');

INSERT INTO `m_player` VALUES ('1', '大', '青木', '', '', '1994-10-24', '1', '1', null, null, null, null, null, null, '2015-07-03 11:00:14', '2015-07-11 01:35:07', '0'), ('2', '裕紀', '石川', 'Hironori', 'ISHIKAWA', '1988-07-26', '1', '1', '0', '119', '60', '123', '30', '9359', '2015-07-03 11:01:08', '2015-09-21 02:44:52', '0'), ('3', '優磨', '大島', 'Yuma', 'OSHIMA', '1995-01-07', '1', '1', '4', '35', '490', '38', '250', '7348', '2015-07-03 11:01:57', '2015-09-21 02:44:45', '0'), ('4', '龍', '川端', 'Ryo', 'KAWABATA', '1989-11-29', '1', '1', '0', '73', '170', '88', '60', '9972', '2015-07-03 11:02:54', '2015-09-21 02:44:56', '0'), ('5', '慎二', '木戸', 'Shinji', 'KIDO', '1990-10-02', '1', '1', '0', '12', '1190', '5', '870', '4019', '2015-07-03 11:03:36', '2015-09-21 02:44:25', '0'), ('6', '亮哉', '河野', 'Ryoya', 'KAWANO', '1992-08-12', '1', '1', '83849', '60', '240', '67', '90', '13271', '2015-07-03 11:04:21', '2015-09-21 02:45:06', '0'), ('7', '徹', '志々目', 'Toru', 'SHISHIME', '1992-03-08', '1', '1', '110', '9', '1370', '7', '840', '3272', '2015-07-03 11:06:19', '2015-09-21 02:44:10', '0'), ('8', '悠輔', '柴田', '', '', '2015-07-02', '1', '1', null, null, null, null, null, null, '2015-07-03 11:07:41', '2015-07-03 11:07:41', '0'), ('9', '直寿', '髙藤', 'Naohisa', 'TAKATO', '1993-05-30', '1', '1', '2', '11', '1316', '11', '698', '9344', '2015-07-03 11:08:31', '2015-09-21 02:44:49', '0'), ('10', '浩平', '林', '', '', '1995-03-06', '1', '1', null, null, null, null, null, null, '2015-07-03 11:09:17', '2015-07-04 10:52:11', '0'), ('11', '泰恒', '藤阪', '', '', '1996-06-22', '1', '1', null, null, null, null, null, null, '2015-07-03 11:10:16', '2015-07-03 16:37:18', '0'), ('12', '浩史', '山本', 'Hirofumi', 'YAMAMOTO', '1990-03-25', '1', '1', '0', null, null, null, null, '1343', '2015-07-03 11:12:21', '2015-09-21 02:43:53', '0'), ('13', '大輔', '浅野', '', '', '2015-07-02', '1', '2', null, null, null, null, null, null, '2015-07-03 11:13:14', '2015-07-03 11:13:14', '0'), ('14', '一二三', '阿部', 'Hifumi', 'ABE', '1997-08-09', '1', '2', '0', '20', '716', '21', '448', '13208', '2015-07-03 11:13:56', '2015-09-20 23:51:51', '0'), ('15', '匡', '海老沼', 'Masashi', 'EBINUMA', '1990-02-15', '1', '2', '501', '21', '708', '13', '558', '1787', '2015-07-03 11:16:01', '2015-09-21 00:15:45', '0'), ('16', '健登', '清水', '', '', '2015-07-02', '1', '2', null, null, null, null, null, null, '2015-07-03 11:17:04', '2015-07-03 11:17:04', '0'), ('17', '賢悟', '髙市', 'Kengo', 'TAKAICHI', '1993-04-06', '1', '2', '0', '11', '1164', '10', '634', '15216', '2015-07-03 11:18:41', '2015-09-20 23:52:03', '0'), ('18', '智史', '髙上', 'Tomofumi', 'TAKAJO', '1991-12-07', '1', '2', '50175', '6', '1500', '7', '870', '6624', '2015-07-03 11:19:33', '2015-09-20 23:51:37', '0'), ('19', '将', '竪山', 'Sho', 'TATEYAMA', '1993-07-12', '1', '2', '3', '44', '360', '44', '210', '9336', '2015-07-03 11:20:15', '2015-09-20 23:51:42', '0'), ('20', '祐貴', '西山', '', '', '1994-09-24', '1', '2', null, null, null, null, null, null, '2015-07-03 11:21:05', '2015-07-06 16:46:44', '0'), ('21', '祐葵', '橋口', 'Yuuki', 'HASHIGUCHI', '1994-06-08', '1', '2', '50', '51', '300', '61', '150', '3615', '2015-07-03 11:21:40', '2015-09-20 23:51:01', '0'), ('22', '政章', '福岡', 'Masaaki', 'FUKUOKA', '1984-07-12', '1', '2', '0', '75', '200', '78', '100', '2006', '2015-07-03 11:22:19', '2015-09-21 02:43:56', '0'), ('23', '将吾', '前野', '', '', '2015-07-02', '1', '2', null, null, null, null, null, null, '2015-07-03 11:23:22', '2015-07-06 17:34:00', '0'), ('24', '城志郎', '丸山', 'Joshiro', 'MARUYAMA', '1993-08-11', '1', '2', '0', null, null, null, null, '15144', '2015-07-03 11:24:09', '2015-09-20 23:51:55', '0'), ('25', '廉', '宮崎', 'Ren', 'MIYAZAKI', '1992-03-18', '1', '2', '5', '65', '250', '100', '60', '15162', '2015-07-03 11:24:54', '2015-09-20 23:51:59', '0'), ('26', '純平', '森下', '', '', '2015-07-02', '1', '2', null, null, null, null, null, null, '2015-07-03 11:25:36', '2015-07-06 17:41:54', '0'), ('27', '惟人', '吉田', '', '', '1990-01-31', '1', '2', null, null, null, null, null, null, '2015-07-03 11:26:10', '2015-07-06 16:47:31', '0'), ('28', '雄平', '六郷', 'Yuhei', 'ROKUGO', '1991-05-01', '1', '2', '5', '38', '440', '44', '210', '3617', '2015-07-03 11:26:45', '2015-09-20 23:51:10', '0'), ('29', '啓之', '秋本', '', '', '1986-01-31', '1', '3', null, null, null, null, null, null, '2015-07-03 11:28:13', '2015-07-03 11:28:13', '0'), ('30', '靖浩', '粟野', '', '', '2015-07-02', '1', '3', null, null, null, null, null, null, '2015-07-03 11:29:09', '2015-07-03 11:29:09', '0'), ('31', '侑生', '岩渕', '', '', '2015-07-02', '1', '3', null, null, null, null, null, null, '2015-07-03 11:29:52', '2015-07-03 11:29:52', '0'), ('32', '慶一', '太田', '', '', '2015-07-02', '1', '3', null, null, null, null, null, null, '2015-07-03 11:30:24', '2015-07-03 11:30:24', '0'), ('33', '将平', '大野', 'Shohei', 'ONO', '1992-02-03', '1', '3', '8', '4', '1554', '1', '1254', '4018', '2015-07-03 11:31:30', '2015-09-17 04:41:31', '0'), ('34', '涼', '齋藤', '', '', '2015-07-02', '1', '3', null, null, null, null, null, null, '2015-07-03 11:32:29', '2015-07-03 11:32:29', '0'), ('35', '健史', '土井', '', '', '1992-05-26', '1', '3', null, null, null, null, null, null, '2015-07-03 11:33:04', '2015-07-03 11:33:04', '0'), ('36', '剛教', '中村', '', '', '1990-09-08', '1', '3', null, null, null, null, null, null, '2015-07-03 11:33:37', '2015-07-03 11:33:37', '0'), ('37', '力', '中矢', 'Riki', 'NAKAYA', '1989-07-25', '1', '3', '4169311', '5', '1550', '2', '1130', '2003', '2015-07-03 11:34:44', '2015-09-17 04:41:10', '0'), ('38', '和志', '西岡', '', '', '2015-07-02', '1', '3', null, null, null, null, null, null, '2015-07-03 11:35:58', '2015-07-03 11:35:58', '0'), ('39', '雄希', '西山', '', '', '1991-11-16', '1', '3', null, null, null, null, null, null, '2015-07-03 11:36:31', '2015-07-03 11:36:31', '0'), ('40', '壮一', '橋本', '', '', '1991-08-24', '1', '3', null, null, null, null, null, null, '2015-07-03 11:37:26', '2015-07-03 11:37:26', '0'), ('41', '悠司', '山本', '', '', '1995-10-31', '1', '3', null, null, null, null, null, null, '2015-07-03 11:38:00', '2015-07-03 11:38:00', '0'), ('42', '泰博', '海老', '', '', '2015-07-02', '1', '4', null, null, null, null, null, null, '2015-07-03 11:38:56', '2015-07-03 11:38:56', '0'), ('43', '寿應', '尾方', '', '', '1996-03-29', '1', '4', null, null, null, null, null, null, '2015-07-03 11:39:35', '2015-07-03 11:39:35', '0'), ('44', '智弘', '川上', '', '', '2015-07-02', '1', '4', null, null, null, null, null, null, '2015-07-03 11:40:41', '2015-07-03 11:40:41', '0'), ('45', '拳哉', '小原', '', '', '1994-08-29', '1', '4', null, null, null, null, null, null, '2015-07-03 11:41:17', '2015-07-03 11:41:17', '0'), ('46', '正大', '佐藤', '', '', '1994-04-04', '1', '4', null, null, null, null, null, null, '2015-07-03 11:41:48', '2015-07-03 11:41:48', '0'), ('47', '貴裕', '中井', '', '', '2015-07-02', '1', '4', null, null, null, null, null, null, '2015-07-03 11:42:30', '2015-07-03 11:42:30', '0'), ('48', '啓太', '長島', '', '', '1988-10-23', '1', '4', null, null, null, null, null, null, '2015-07-03 11:43:03', '2015-07-03 11:43:03', '0'), ('49', '貴規', '永瀬', 'Takanori', 'NAGASE', '1993-10-14', '1', '4', '0', '1', '2542', '2', '1591', '11900', '2015-07-03 11:44:05', '2015-09-17 04:43:57', '0'), ('50', '史寛', '中園', '', '', '1993-08-27', '1', '4', null, null, null, null, null, null, '2015-07-03 11:44:52', '2015-07-03 11:44:52', '0'), ('51', '剛毅', '丸山', '', '', '1992-04-05', '1', '4', null, null, null, null, null, null, '2015-07-03 11:45:25', '2015-07-03 11:45:25', '0'), ('52', '知史', '安田', '', '', '1991-12-25', '1', '4', null, null, null, null, null, null, '2015-07-03 11:46:00', '2015-07-03 11:46:00', '0'), ('53', '勇人', '渡邉', '', '', '1992-08-20', '1', '4', null, null, null, null, null, null, '2015-07-03 11:46:56', '2015-07-03 11:46:56', '0'), ('54', '航史', '穴井', '', '', '1990-07-28', '1', '5', null, null, null, null, null, null, '2015-07-03 11:47:51', '2015-07-03 11:48:13', '0'), ('55', '恭平', '垣田', '', '', '2015-07-02', '1', '5', null, null, null, null, null, null, '2015-07-03 11:49:09', '2015-07-03 11:49:09', '0'), ('56', '博剛', '加藤', '', '', '2015-07-02', '1', '5', null, null, null, null, null, null, '2015-07-03 11:49:44', '2015-07-03 11:49:44', '0'), ('57', '拓也', '近藤', '', '', '2015-07-02', '1', '5', null, null, null, null, null, null, '2015-07-03 11:50:31', '2015-07-03 11:50:31', '0'), ('58', '悠輔', '小林', '', '', '1993-08-12', '1', '5', null, null, null, null, null, null, '2015-07-03 11:51:14', '2015-07-03 11:51:14', '0'), ('59', '翔平', '下和田', '', '', '2015-07-02', '1', '5', null, null, null, null, null, null, '2015-07-03 11:52:06', '2015-07-03 11:52:06', '0'), ('60', '健志', '菅原', '', '', '1990-07-02', '1', '5', null, null, null, null, null, null, '2015-07-03 11:52:38', '2015-07-03 11:52:38', '0'), ('61', '憲大', '長澤', '', '', '1993-12-08', '1', '5', null, null, null, null, null, null, '2015-07-03 11:53:14', '2015-07-03 11:53:14', '0'), ('62', '大希', '西山', '', '', '1990-11-20', '1', '5', null, null, null, null, null, null, '2015-07-03 11:53:48', '2015-07-03 11:53:48', '0'), ('63', '将士', '西山', '', '', '2015-07-02', '1', '5', null, null, null, null, null, null, '2015-07-03 11:54:37', '2015-07-03 11:54:37', '0'), ('64', '茉秋', 'ベイカー', 'Mashu', 'BAKER', '1994-09-25', '1', '5', '0', '3', '2046', '3', '1296', '15143', '2015-07-03 11:56:01', '2015-09-22 04:40:50', '0'), ('65', '翔一郎', '向', '', '', '1996-02-10', '1', '5', null, null, null, null, null, null, '2015-07-03 11:56:50', '2015-07-03 11:56:50', '0'), ('66', '優也', '吉田', '', '', '1989-04-28', '1', '5', null, null, null, null, null, null, '2015-07-03 11:57:27', '2015-07-03 11:57:27', '0'), ('67', '拓海', '浅沼', '', '', '1992-05-28', '1', '6', null, null, null, null, null, null, '2015-07-03 12:12:26', '2015-07-03 12:12:26', '0'), ('68', 'アロン', 'ウルフ', 'アロン', 'ウルフ', '1996-02-25', '1', '6', null, null, null, null, null, null, '2015-07-03 12:13:13', '2015-07-03 12:13:13', '0'), ('69', '竜昴', '小川', '', '', '2015-07-02', '1', '6', null, null, null, null, null, null, '2015-07-03 12:14:01', '2015-07-03 12:14:01', '0'), ('70', '瑞希', '乙津', '', '', '2015-07-02', '1', '6', null, null, null, null, null, null, '2015-07-03 12:14:33', '2015-07-03 12:14:33', '0'), ('71', '卓志', '小野', '', '', '2015-07-02', '1', '6', null, null, null, null, null, null, '2015-07-03 12:15:05', '2015-07-03 12:15:05', '0'), ('72', '佑輔', '熊代', '', '', '1988-06-03', '1', '6', null, null, null, null, null, null, '2015-07-03 12:15:37', '2015-07-03 12:15:37', '0'), ('73', '隆太郎', '後藤', '', '', '1994-08-27', '1', '6', null, null, null, null, null, null, '2015-07-03 12:16:11', '2015-07-03 12:16:11', '0'), ('74', '大輔', '小林', '', '', '2015-07-02', '1', '6', null, null, null, null, null, null, '2015-07-03 12:16:47', '2015-07-03 12:16:47', '0'), ('75', '俊', '齋藤', '', '', '2015-07-02', '1', '6', null, null, null, null, null, null, '2015-07-03 12:17:18', '2015-07-03 12:17:18', '0'), ('76', '裕亘', '柴崎', '', '', '2015-07-02', '1', '6', null, null, null, null, null, null, '2015-07-03 12:17:50', '2015-07-03 12:17:50', '0'), ('77', '海帆', '高木', '', '', '1990-10-15', '1', '6', null, null, null, null, null, null, '2015-07-03 12:18:22', '2015-07-03 12:18:22', '0'), ('78', '良介', '高橋', '', '', '1991-10-28', '1', '6', null, null, null, null, null, null, '2015-07-03 12:18:53', '2015-07-03 12:18:53', '0'), ('79', '大輝', '谷井', '', '', '2015-07-02', '1', '6', null, null, null, null, null, null, '2015-07-03 12:19:31', '2015-07-03 12:19:31', '0'), ('80', '龍之介', '羽賀', 'Ryunosuke', 'HAGA', '1991-04-28', '1', '6', '2147483647', '8', '1650', '4', '1340', '3623', '2015-07-03 12:20:52', '2015-09-17 04:48:29', '0'), ('81', '樹', '増渕', '', '', '2015-07-02', '1', '6', null, null, null, null, null, null, '2015-07-03 12:21:53', '2015-07-03 12:21:53', '0'), ('82', '慎也', '吉永', '', '', '2015-07-02', '1', '6', null, null, null, null, null, null, '2015-07-03 12:22:28', '2015-07-03 12:22:28', '0'), ('83', '竜太', '石井', '', '', '2015-07-02', '1', '7', null, null, null, null, null, null, '2015-07-03 12:23:19', '2015-07-03 12:23:19', '0'), ('84', '敬太', '岩尾', '', '', '1990-08-18', '1', '7', null, null, null, null, null, null, '2015-07-03 12:23:49', '2015-07-03 12:23:49', '0'), ('85', '亮太', '上杉', '', '', '2015-07-02', '1', '7', null, null, null, null, null, null, '2015-07-03 12:24:28', '2015-07-03 12:24:28', '0'), ('86', '轄麻', '上田', '', '', '1993-07-21', '1', '7', null, null, null, null, null, null, '2015-07-03 12:25:02', '2015-07-03 12:25:02', '0'), ('87', '剛志', '王子谷', '', '', '1992-06-09', '1', '7', null, null, null, null, null, null, '2015-07-03 12:25:30', '2015-07-03 12:25:30', '0'), ('88', '雄勢', '小川', '', '', '1996-07-20', '1', '7', null, null, null, null, null, null, '2015-07-03 12:25:59', '2015-07-03 12:25:59', '0'), ('89', '大樹', '上川', '', '', '1989-11-09', '1', '7', null, null, null, null, null, null, '2015-07-03 12:26:30', '2015-07-03 12:26:30', '0'), ('90', '功', '倉橋', '', '', '2015-07-02', '1', '7', null, null, null, null, null, null, '2015-07-03 12:27:29', '2015-07-03 12:27:29', '0'), ('91', '和哉', '佐藤', '', '', '1995-04-06', '1', '7', null, null, null, null, null, null, '2015-07-03 12:28:07', '2015-07-03 12:28:07', '0'), ('92', '龍', '七戸', 'Ryu', 'SHICHINOHE', '1988-10-14', '1', '7', '1', '3', '1790', '2', '1250', '9158', '2015-07-03 12:29:06', '2015-09-17 04:50:48', '0'), ('93', '和彦', '高橋', '', '', '2015-07-02', '1', '7', null, null, null, null, null, null, '2015-07-03 12:30:55', '2015-07-03 12:30:55', '0'), ('94', '健太', '西潟', '', '', '1987-09-23', '1', '7', null, null, null, null, null, null, '2015-07-03 12:31:26', '2015-07-03 12:31:26', '0'), ('95', '久喜', '原沢', 'Hisayoshi', 'HARASAWA', '1992-07-03', '1', '7', '58092', '11', '1130', '7', '800', '11651', '2015-07-03 12:32:37', '2015-09-17 04:50:59', '0'), ('96', '岳', '藤井', '', '', '2015-07-02', '1', '7', null, null, null, null, null, null, '2015-07-03 12:33:20', '2015-07-03 12:33:20', '0'), ('97', '康幸', '棟田', '', '', '2015-07-02', '1', '7', null, null, null, null, null, null, '2015-07-03 12:33:52', '2015-07-03 12:33:52', '0'), ('98', '優', '百瀬', '', '', '2015-07-02', '1', '7', null, null, null, null, null, null, '2015-07-03 12:34:34', '2015-07-03 12:34:34', '0'), ('99', '八瑠奈', '浅見', 'Haruna', 'ASAMI', '1988-04-12', '2', '8', '2', '10', '1360', '6', '950', '2159', '2015-07-03 12:38:17', '2015-09-17 04:54:34', '0'), ('100', '宏美', '遠藤', 'Hiromi', 'ENDO', '1993-02-22', '2', '8', '5', null, null, null, null, '3273', '2015-07-03 12:39:12', '2015-09-17 04:52:52', '0');
INSERT INTO `m_player` VALUES ('101', '亜美', '近藤', 'Ami', 'KONDO', '1995-05-09', '2', '8', '6', '3', '1682', '2', '1121', '7355', '2015-07-03 12:40:11', '2015-09-17 04:53:10', '0'), ('102', '瑠衣', '髙橋', 'Rui', 'TAKAHASHI', '1996-08-12', '2', '8', '66427', '119', '20', '106', '10', '17801', '2015-07-03 12:41:01', '2015-09-17 04:53:46', '0'), ('103', '美里', '十田', 'Miri', 'TODA', '1991-03-28', '2', '8', '43', '69', '120', '73', '50', '3630', '2015-07-03 12:41:43', '2015-09-17 04:52:56', '0'), ('104', '風南', '渡名喜', 'Funa', 'TONAKI', '1995-08-01', '2', '8', '3', '48', '240', '35', '210', '17762', '2015-07-03 12:42:30', '2015-09-17 04:53:40', '0'), ('105', '由理江', '森﨑', '', '', '1991-03-12', '2', '8', null, null, null, null, null, null, '2015-07-03 12:43:21', '2015-07-08 11:49:51', '0'), ('106', '絵美', '山岸', 'Emi', 'YAMAGISHI', '1986-08-22', '2', '8', '10', '17', '882', '36', '206', '2027', '2015-07-03 12:44:09', '2015-09-17 04:52:44', '0'), ('107', '珠美', '山﨑', '', '', '2015-07-02', '2', '8', null, null, null, null, null, null, '2015-07-03 12:44:49', '2015-07-08 12:09:59', '0'), ('108', '真子', '内尾', 'Mako', 'UCHIO', '1995-09-11', '2', '9', '3', '76', '100', '77', '50', '17393', '2015-07-03 12:45:26', '2015-09-17 04:55:47', '0'), ('109', '恵利', '垣田', '', '', '2015-07-02', '2', '9', null, null, null, null, null, null, '2015-07-03 12:46:10', '2015-07-04 02:30:49', '0'), ('110', '美晴', '黒木', 'Miharu', 'KUROKI', '1993-09-03', '2', '9', '86', '94', '60', '87', '30', '10016', '2015-07-03 12:46:37', '2015-09-17 04:55:34', '0'), ('111', '奈津実', '五味', 'Natsumi', 'GOMI', '1990-07-06', '2', '9', '86', '158', '6', null, null, '15141', '2015-07-03 12:47:49', '2015-09-22 04:50:06', '0'), ('112', '愛', '志々目', 'Ai', 'SHISHIME', '1994-01-25', '2', '9', '0', '29', '620', '23', '400', '10017', '2015-07-03 12:48:23', '2015-09-17 04:55:39', '0'), ('113', '和', '谷本', '', '', '2015-07-02', '2', '9', null, null, null, null, null, null, '2015-07-03 12:49:00', '2015-07-04 01:12:34', '0'), ('114', '美里', '中村', 'Misato', 'NAKAMURA', '1989-04-28', '2', '9', '0', '4', '1700', '2', '1310', '80', '2015-07-03 12:50:07', '2015-09-17 04:54:04', '0'), ('115', '優香', '西田', 'Yuka', 'NISHIDA', '1985-12-27', '2', '9', '0', '26', '676', '26', '338', '2025', '2015-07-03 12:50:44', '2015-09-17 04:54:30', '0'), ('116', '優貴', '橋本', 'Yuki', 'HASHIMOTO', '1989-05-09', '2', '9', '5', '9', '1392', '15', '562', '2023', '2015-07-03 12:51:20', '2015-09-17 04:54:20', '0'), ('117', '拓美', '宮川', 'Takumi', 'MIYAKAWA', '1994-03-12', '2', '9', '0', null, null, null, null, '9386', '2015-07-03 12:51:54', '2015-09-17 04:55:29', '0'), ('118', '慈', '石川', 'Megumi', 'ISHIKAWA', '1988-11-26', '2', '10', '0', '83', '100', '78', '50', '6606', '2015-07-03 12:54:34', '2015-09-17 04:57:23', '0'), ('119', '菜絵', '宇髙', 'Nae', 'UDAKA', '1985-03-06', '2', '10', '9', '13', '1132', '16', '591', '2160', '2015-07-03 12:55:25', '2015-09-17 04:56:25', '0'), ('120', '真貴子', '大友', 'Makiko', 'OTOMO', '1989-06-24', '2', '10', '0', '85', '90', '58', '90', '5419', '2015-07-03 12:56:08', '2015-09-17 04:57:03', '0'), ('121', '彰子', '小野', '', '', '1992-11-20', '2', '10', null, null, null, null, null, null, '2015-07-03 12:56:41', '2015-07-03 12:56:41', '0'), ('122', '瑛美', '金子', '', '', '2015-07-02', '2', '10', null, null, null, null, null, null, '2015-07-03 12:57:19', '2015-07-08 16:25:54', '0'), ('123', '桃', '玉置', 'Momo', 'TAMAOKI', '1994-09-16', '2', '10', '10', '29', '580', '27', '350', '3631', '2015-07-03 12:57:56', '2015-09-17 04:56:30', '0'), ('124', 'クリスタ', '出口', 'Christa', 'DEGUCHI', '1995-10-29', '2', '10', '7', '53', '230', '77', '50', '14821', '2015-07-03 12:58:34', '2015-09-17 04:57:49', '0'), ('125', '希', '平井', '', '', '2015-07-02', '2', '10', null, null, null, null, null, null, '2015-07-03 12:59:09', '2015-07-08 17:08:53', '0'), ('126', '薫', '松本', 'Kaori', 'MATSUMOTO', '1987-09-11', '2', '10', '0', '3', '1956', '2', '1506', '79', '2015-07-03 13:00:20', '2015-09-17 04:56:02', '0'), ('127', '杏', '山本', 'Anzu', 'YAMAMOTO', '1994-06-18', '2', '10', '744262', '31', '552', '162', '1', '3633', '2015-07-03 13:01:03', '2015-09-17 04:56:35', '0'), ('128', '司', '芳田', 'Tsukasa', 'YOSHIDA', '1995-10-05', '2', '10', '8813409', '21', '716', '15', '608', '7353', '2015-07-03 13:01:43', '2015-09-17 04:57:27', '0'), ('129', '優花', '渡部', '', '', '1993-06-01', '2', '10', null, null, null, null, null, null, '2015-07-03 13:02:21', '2015-07-08 12:47:18', '0'), ('130', '香菜', '阿部', '', '', '2015-07-02', '2', '11', null, null, null, null, null, null, '2015-07-03 13:04:31', '2015-07-03 13:04:31', '0'), ('131', '有加', '大住', '', '', '2015-07-02', '2', '11', null, null, null, null, null, null, '2015-07-03 13:05:10', '2015-07-03 13:05:10', '0'), ('132', '晴奈', '太田', '', '', '2015-07-02', '2', '11', null, null, null, null, null, null, '2015-07-03 13:08:28', '2015-07-03 13:08:28', '0'), ('133', '夏海', '片桐', '', '', '2015-07-02', '2', '11', null, null, null, null, null, null, '2015-07-03 13:09:15', '2015-07-03 13:09:15', '0'), ('134', '真綾', '川岸', '', '', '1992-04-30', '2', '11', null, null, null, null, null, null, '2015-07-03 13:09:46', '2015-07-03 13:09:46', '0'), ('135', '賀世子', '佐野', '', '', '2015-07-02', '2', '11', null, null, null, null, null, null, '2015-07-03 13:10:23', '2015-07-03 13:10:23', '0'), ('136', '未来', '田代', 'Miku', 'TASHIRO', '1994-04-07', '2', '11', '0', '6', '1820', '5', '1130', '3637', '2015-07-03 13:11:37', '2015-09-17 04:58:49', '0'), ('137', '美衣', '田中', '', '', '1987-10-20', '2', '11', null, null, null, null, null, null, '2015-07-03 13:12:14', '2015-07-03 13:12:14', '0'), ('138', '恵', '津金', '', '', '1995-10-18', '2', '11', null, null, null, null, null, null, '2015-07-03 15:03:30', '2015-07-03 15:03:30', '0'), ('139', '那美', '鍋倉', '', '', '1997-04-11', '2', '11', null, null, null, null, null, null, '2015-07-03 15:14:26', '2015-07-03 15:14:26', '0'), ('140', '真帆', '西川', '', '', '1992-06-15', '2', '11', null, null, null, null, null, null, '2015-07-03 15:15:10', '2015-07-03 15:15:10', '0'), ('141', '希', '平井', '', '', '2015-07-02', '2', '11', null, null, null, null, null, null, '2015-07-03 15:15:56', '2015-07-03 15:15:56', '0'), ('142', '美穂', '嶺井', '', '', '1997-09-16', '2', '11', null, null, null, null, null, null, '2015-07-03 15:16:40', '2015-07-03 15:16:40', '0'), ('143', '千鶴', '新井', 'Chizuru', 'ARAI', '1993-11-01', '2', '12', '0', '8', '1392', '14', '622', '11690', '2015-07-03 15:17:58', '2015-09-17 05:01:28', '0'), ('144', '絵梨菜', '池', '', '', '1996-05-02', '2', '12', null, null, null, null, null, null, '2015-07-03 15:18:44', '2015-07-03 15:18:44', '0'), ('145', '巴恵', '上野', '', '', '2015-07-02', '2', '12', null, null, null, null, null, null, '2015-07-03 15:19:40', '2015-07-03 15:19:40', '0'), ('146', '有加', '大住', '', '', '2015-07-02', '2', '12', null, null, null, null, null, null, '2015-07-03 15:20:29', '2015-07-03 15:20:29', '0'), ('147', '陽子', '大野', '', '', '2015-07-02', '2', '12', null, null, null, null, null, null, '2015-07-03 15:21:15', '2015-07-03 15:21:15', '0'), ('148', '香月', '長内', '', '', '1994-12-26', '2', '12', null, null, null, null, null, null, '2015-07-03 15:21:53', '2015-07-03 15:21:53', '0'), ('149', 'ルイ', '髙橋', '', '', '1991-11-07', '2', '12', null, null, null, null, null, null, '2015-07-03 15:23:00', '2015-07-03 15:23:00', '0'), ('150', '遥', '田知本', '', '', '1990-08-03', '2', '12', null, null, null, null, null, null, '2015-07-03 15:23:59', '2015-07-03 15:23:59', '0'), ('151', '華蓮', 'ヌンイラ', '', '', '1991-05-23', '2', '12', null, null, null, null, null, null, '2015-07-03 15:24:49', '2015-07-03 15:24:49', '0'), ('152', '恵子', '前田奈', '', '', '2015-07-02', '2', '12', null, null, null, null, null, null, '2015-07-03 15:28:28', '2015-07-03 15:28:28', '0'), ('153', '春香', '安松', '', '', '1991-12-22', '2', '12', null, null, null, null, null, null, '2015-07-03 15:29:09', '2015-07-03 15:29:09', '0'), ('154', '真美', '梅木', 'Mami', 'UMEKI', '1994-12-06', '2', '13', '85', '7', '1760', '4', '1320', '9383', '2015-07-03 15:34:57', '2015-09-17 05:02:53', '0'), ('155', '亜香里', '緒方', '', '', '1990-09-24', '2', '13', null, null, null, null, null, null, '2015-07-03 15:36:32', '2015-07-03 15:36:32', '0'), ('156', '智美', '岡村', '', '', '2015-07-02', '2', '13', null, null, null, null, null, null, '2015-07-03 15:39:48', '2015-07-03 15:39:48', '0'), ('157', '瑠香', '佐藤', '', '', '1992-03-27', '2', '13', null, null, null, null, null, null, '2015-07-03 15:40:24', '2015-07-03 15:40:24', '0'), ('158', '莉加', '髙山', '', '', '1994-08-27', '2', '13', null, null, null, null, null, null, '2015-07-03 15:41:17', '2015-07-03 15:41:17', '0'), ('159', '香穂', '西田', '', '', '2015-07-02', '2', '13', null, null, null, null, null, null, '2015-07-03 15:42:22', '2015-07-03 15:42:22', '0'), ('160', '未悠', '浜', '', '', '1997-11-19', '2', '13', null, null, null, null, null, null, '2015-07-03 15:43:06', '2015-07-03 15:43:06', '0'), ('161', '尚里', '濵田', '', '', '1990-09-25', '2', '13', null, null, null, null, null, null, '2015-07-03 15:43:44', '2015-07-03 15:43:44', '0'), ('162', '美沙希', '日高', '', '', '2015-07-02', '2', '13', null, null, null, null, null, null, '2015-07-03 15:45:13', '2015-07-03 15:45:13', '0'), ('163', '静織', '吉村', '', '', '2015-07-02', '2', '13', null, null, null, null, null, null, '2015-07-03 15:46:02', '2015-07-03 15:46:02', '0'), ('164', '奈沙羅', '朝比', '', '', '1996-10-22', '2', '14', null, null, null, null, null, null, '2015-07-03 15:47:14', '2015-07-03 15:47:14', '0'), ('165', '寿々華', '市橋', '', '', '1988-09-14', '2', '14', null, null, null, null, null, null, '2015-07-03 15:48:25', '2015-07-03 15:48:25', '0'), ('166', '奈見', '稲森', '', '', '1993-10-15', '2', '14', null, null, null, null, null, null, '2015-07-03 15:49:16', '2015-07-03 15:49:16', '0'), ('167', '愛美', '井上', '', '', '1992-09-13', '2', '14', null, null, null, null, null, null, '2015-07-03 15:49:57', '2015-07-03 15:49:57', '0'), ('168', '子美久', '烏帽', '', '', '2015-07-02', '2', '14', null, null, null, null, null, null, '2015-07-03 15:51:27', '2015-07-03 15:51:27', '0'), ('169', 'のどか', '白石', '', '', '2015-07-02', '2', '14', null, null, null, null, null, null, '2015-07-03 15:51:59', '2015-07-03 15:51:59', '0'), ('170', '真央', '滝川', '', '', '1996-02-06', '2', '14', null, null, null, null, null, null, '2015-07-03 15:52:42', '2015-07-03 15:52:42', '0'), ('171', '本愛', '田知', '', '', '2015-07-02', '2', '14', null, null, null, null, null, null, '2015-07-03 15:53:50', '2015-07-03 15:53:50', '0'), ('172', '美咲', '谷村', '', '', '2015-07-02', '2', '14', null, null, null, null, null, null, '2015-07-03 15:54:44', '2015-07-03 15:54:44', '0'), ('173', '光貴穂', '月波', '', '', '1996-01-09', '2', '14', null, null, null, null, null, null, '2015-07-03 15:55:44', '2015-07-03 15:55:44', '0'), ('174', 'ななみ', '橋口', '', '', '2015-07-02', '2', '14', null, null, null, null, null, null, '2015-07-03 15:57:00', '2015-07-03 15:57:00', '0'), ('175', '朱未', '橋本', '', '', '2015-07-02', '2', '14', null, null, null, null, null, null, '2015-07-03 15:58:18', '2015-07-03 15:58:18', '0'), ('176', '佳苗', '山部', 'Kanae', 'YAMABE', '1990-09-22', '2', '14', '0', '3', '1852', '6', '1042', '2491', '2015-07-03 15:59:39', '2015-09-17 05:04:03', '0'), ('177', '沙羅', '山本', '', '', '1995-01-11', '2', '14', null, null, null, null, null, null, '2015-07-03 16:00:27', '2015-07-03 16:00:27', '0'), ('178', '若葉', '富田', '', '', '2015-07-02', '2', '14', null, null, null, null, null, null, '2015-07-03 16:01:33', '2015-07-03 16:01:33', '0');

INSERT INTO `m_rank` VALUES ('1', '0', '1位', '100', '0000-00-00 00:00:00', null, '0'), ('2', '0', '2位', '60', '0000-00-00 00:00:00', null, '0'), ('3', '0', '3位', '40', '0000-00-00 00:00:00', null, '0'), ('4', '0', '5位', '20', '0000-00-00 00:00:00', null, '0'), ('5', '0', '7位', '16', '0000-00-00 00:00:00', null, '0'), ('6', '0', '1/16位', '12', '0000-00-00 00:00:00', null, '0'), ('7', '0', '1/32位', '8', '0000-00-00 00:00:00', null, '0'), ('8', '0', '1勝', '4', '0000-00-00 00:00:00', null, '0'), ('9', '1', '全試合勝利数', '100', '0000-00-00 00:00:00', null, '0'), ('10', '1', '全試合勝利数-1', '60', '0000-00-00 00:00:00', null, '0'), ('11', '1', '全試合勝利数-2', '40', '0000-00-00 00:00:00', null, '0'), ('12', '1', '全試合勝利数-3', '20', '0000-00-00 00:00:00', null, '0'), ('13', '1', '全試合勝利数-4', '16', '0000-00-00 00:00:00', null, '0'), ('14', '1', '全試合勝利数-5', '0', '0000-00-00 00:00:00', null, '0');

INSERT INTO `m_shistory` VALUES ('1', '1', '8', '15', '1', '2015-07-16 16:27:49', '2015-07-16 16:27:49', '0');

INSERT INTO `m_superplayer` VALUES ('1', 'GANBAT Boldbaatar', '1', '1', 'MNG', '65', '185', '2015-07-12 10:20:49', '2015-07-22 10:31:18', '0');

INSERT INTO `m_tname` VALUES ('1', '講道館杯', null, '0', '0', '0', '0000-00-00 00:00:00', '2015-07-02 15:58:09', '0'), ('2', '選抜体重別', null, '0', '0', '0', '0000-00-00 00:00:00', '2015-06-04 14:30:53', '0'), ('3', '全日本選手権', null, '0', '0', '0', '2015-06-04 14:33:54', '2015-06-04 18:24:41', '0'), ('4', 'オリンピック', null, '1', '0', '100', '2015-06-04 14:35:06', '2015-06-04 14:35:06', '0'), ('5', '世界選手権', null, '1', '0', '90', '2015-06-04 14:35:24', '2015-07-05 10:27:57', '0'), ('6', 'マスターズ', null, '1', '0', '70', '2015-06-04 14:35:24', '2015-06-04 14:35:24', '0'), ('7', 'グランドスラム大会', null, '2', '0', '50', '2015-06-04 14:35:24', '2015-07-23 00:27:28', '0'), ('8', 'ドイツ開催のグランプリ大会', null, '2', '0', '50', '2015-06-04 14:35:24', '2015-06-04 14:35:24', '0'), ('9', 'アジア競技大会', null, '2', '0', '50', '2015-06-04 14:35:24', '2015-06-04 14:35:24', '0'), ('10', '世界国別団体戦', null, '2', '0', '50', '2015-06-04 14:35:24', '2015-07-23 00:26:40', '0'), ('11', 'アジア選手権', null, '2', '0', '40', '2015-06-04 14:35:24', '2015-06-04 14:35:24', '0'), ('12', 'アジア団体選手権', null, '2', '0', '40', '2015-06-04 14:35:24', '2015-06-04 14:35:24', '0'), ('13', 'ユニバーシアード', null, '2', '0', '40', '2015-06-04 14:35:24', '2015-06-04 14:35:24', '0'), ('14', 'グランプ地大会', null, '2', '0', '30', '2015-06-04 14:35:24', '2015-06-04 14:35:24', '0'), ('15', '東アジア競技大会', null, '2', '0', '30', '2015-06-04 14:35:24', '2015-06-04 14:35:24', '0'), ('16', 'コンチネンタルオープン', null, '2', '0', '10', '2015-06-04 14:35:24', '2015-06-04 14:35:24', '0'), ('17', '東アジア選手権', null, '2', '0', '10', '2015-06-04 14:35:24', '2015-06-04 14:35:24', '0'), ('18', '世界ジュニア選手権', null, '2', '0', '10', '2015-06-04 14:35:24', '2015-06-04 14:35:24', '0'), ('19', '各種国際大会', null, '2', '0', '10', '2015-06-04 14:35:24', '2015-06-04 14:35:24', '0');

INSERT INTO `m_vpoint` VALUES ('1', '1', '0', '1', '80', '0000-00-00 00:00:00', '2015-07-11 01:30:23', '0'), ('2', '1', '0', '2', '48', '0000-00-00 00:00:00', '2015-07-11 01:30:23', '0'), ('3', '1', '0', '3', '32', '0000-00-00 00:00:00', '2015-07-11 01:30:23', '0'), ('4', '2', '0', '1', '100', '0000-00-00 00:00:00', '2015-07-11 01:30:23', '0'), ('5', '2', '0', '2', '60', '0000-00-00 00:00:00', '2015-07-11 01:30:23', '0'), ('6', '3', '0', '1', '100', '0000-00-00 00:00:00', '2015-07-11 01:30:23', '0'), ('7', '3', '0', '2', '60', '0000-00-00 00:00:00', '2015-07-11 01:30:23', '0'), ('8', '3', '0', '3', '40', '0000-00-00 00:00:00', '2015-07-11 01:30:23', '0'), ('9', '3', '0', '4', '20', '0000-00-00 00:00:00', '2015-07-11 01:30:23', '0'), ('10', '6', '0', '1', '140', '0000-00-00 00:00:00', '2015-07-11 01:30:23', '0'), ('11', '6', '0', '2', '84', '0000-00-00 00:00:00', '2015-07-11 01:30:23', '0'), ('12', '6', '0', '3', '56', '0000-00-00 00:00:00', '2015-07-11 01:30:23', '0'), ('13', '6', '0', '4', '28', '0000-00-00 00:00:00', '2015-07-11 01:30:23', '0'), ('14', '5', '0', '1', '180', '0000-00-00 00:00:00', '2015-07-11 01:30:23', '0'), ('15', '5', '0', '2', '108', '0000-00-00 00:00:00', '2015-07-11 01:30:23', '0'), ('16', '5', '0', '3', '72', '0000-00-00 00:00:00', '2015-07-11 01:30:23', '0'), ('17', '5', '0', '4', '36', '0000-00-00 00:00:00', '2015-07-11 01:30:23', '0'), ('18', '5', '0', '5', '29', '0000-00-00 00:00:00', '2015-07-11 01:30:23', '0'), ('19', '5', '0', '6', '22', '0000-00-00 00:00:00', '2015-07-11 01:30:23', '0'), ('20', '5', '0', '7', '14', '0000-00-00 00:00:00', '2015-07-11 01:30:23', '0'), ('21', '5', '0', '8', '7', '0000-00-00 00:00:00', '2015-07-11 01:30:23', '0'), ('22', '4', '0', '1', '200', '0000-00-00 00:00:00', '2015-07-11 01:30:23', '0'), ('23', '4', '0', '2', '120', '0000-00-00 00:00:00', '2015-07-11 01:30:23', '0'), ('24', '4', '0', '3', '80', '0000-00-00 00:00:00', '2015-07-11 01:30:23', '0'), ('25', '4', '0', '4', '40', '0000-00-00 00:00:00', '2015-07-11 01:30:23', '0'), ('26', '4', '0', '5', '32', '0000-00-00 00:00:00', '2015-07-11 01:30:23', '0'), ('27', '4', '0', '6', '24', '0000-00-00 00:00:00', '2015-07-11 01:30:23', '0'), ('28', '4', '0', '7', '16', '0000-00-00 00:00:00', '2015-07-11 01:30:23', '0'), ('29', '4', '0', '8', '8', '0000-00-00 00:00:00', '2015-07-11 01:30:23', '0'), ('30', '0', '0', '1', '100', '0000-00-00 00:00:00', '2015-07-11 01:30:23', '0'), ('31', '0', '0', '2', '60', '0000-00-00 00:00:00', '2015-07-11 01:30:23', '0'), ('32', '0', '0', '3', '40', '0000-00-00 00:00:00', '2015-07-11 01:30:23', '0'), ('33', '0', '0', '4', '20', '0000-00-00 00:00:00', '2015-07-11 01:30:23', '0'), ('34', '0', '0', '5', '16', '0000-00-00 00:00:00', '2015-07-11 01:30:23', '0'), ('35', '0', '0', '6', '12', '0000-00-00 00:00:00', '2015-07-11 01:30:23', '0'), ('36', '0', '1', '1', '80', '0000-00-00 00:00:00', '2015-07-11 01:30:23', '0'), ('37', '0', '1', '2', '48', '0000-00-00 00:00:00', '2015-07-11 01:30:23', '0'), ('38', '0', '1', '3', '32', '0000-00-00 00:00:00', '2015-07-11 01:30:23', '0'), ('39', '0', '1', '4', '16', '0000-00-00 00:00:00', '2015-07-11 01:30:23', '0'), ('40', '0', '1', '5', '13', '0000-00-00 00:00:00', '2015-07-11 01:30:23', '0'), ('41', '0', '2', '1', '60', '0000-00-00 00:00:00', '2015-07-11 01:30:23', '0'), ('42', '0', '2', '2', '36', '0000-00-00 00:00:00', '2015-07-11 01:30:23', '0'), ('43', '0', '2', '3', '24', '0000-00-00 00:00:00', '2015-07-11 01:30:23', '0'), ('44', '0', '2', '4', '12', '0000-00-00 00:00:00', '2015-07-11 01:30:23', '0'), ('45', '0', '3', '1', '40', '0000-00-00 00:00:00', '2015-07-11 01:30:23', '0'), ('46', '0', '3', '2', '24', '0000-00-00 00:00:00', '2015-07-11 01:30:23', '0'), ('47', '0', '3', '3', '16', '0000-00-00 00:00:00', '2015-07-11 01:30:23', '0'), ('48', '1', '0', '4', null, '2015-07-11 01:30:14', '2015-07-11 01:30:23', '0'), ('49', '2', '0', '3', null, '2015-07-11 01:30:14', '2015-07-11 01:30:23', '0'), ('50', '2', '0', '4', null, '2015-07-11 01:30:14', '2015-07-11 01:30:23', '0'), ('51', '6', '0', '5', null, '2015-07-11 01:30:14', '2015-07-11 01:30:23', '0'), ('52', '6', '0', '6', null, '2015-07-11 01:30:14', '2015-07-11 01:30:23', '0'), ('53', '6', '0', '7', null, '2015-07-11 01:30:14', '2015-07-11 01:30:23', '0'), ('54', '6', '0', '8', null, '2015-07-11 01:30:14', '2015-07-11 01:30:23', '0'), ('55', '0', '1', '6', null, '2015-07-11 01:30:14', '2015-07-11 01:30:23', '0'), ('56', '0', '2', '5', null, '2015-07-11 01:30:14', '2015-07-11 01:30:23', '0'), ('57', '0', '2', '6', null, '2015-07-11 01:30:14', '2015-07-11 01:30:23', '0'), ('58', '0', '3', '4', null, '2015-07-11 01:30:14', '2015-07-11 01:30:23', '0'), ('59', '0', '3', '5', null, '2015-07-11 01:30:14', '2015-07-11 01:30:23', '0'), ('60', '0', '3', '6', null, '2015-07-11 01:30:14', '2015-07-11 01:30:23', '0');

INSERT INTO `m_weight` VALUES ('1', '1', '60', '60', '279', '0000-00-00 00:00:00', '2015-07-11 01:52:15', '0'), ('2', '1', '66', '66', '318', '0000-00-00 00:00:00', '2015-07-11 01:52:15', '0'), ('3', '1', '73', '73', '348', '0000-00-00 00:00:00', '2015-07-11 01:52:15', '0'), ('4', '1', '81', '81', '316', '0000-00-00 00:00:00', '2015-07-11 01:52:15', '0'), ('5', '1', '90', '90', '270', '0000-00-00 00:00:00', '2015-07-11 01:52:15', '0'), ('6', '1', '100', '100', '231', '0000-00-00 00:00:00', '2015-07-11 01:52:15', '0'), ('7', '1', 'P100', '101', '181', '0000-00-00 00:00:00', '2015-07-11 01:52:15', '0'), ('8', '2', '48', '48', '279', '0000-00-00 00:00:00', '2015-07-11 01:52:15', '0'), ('9', '2', '52', '52', '318', '0000-00-00 00:00:00', '2015-07-11 01:52:15', '0'), ('10', '2', '57', '57', '348', '0000-00-00 00:00:00', '2015-07-11 01:52:15', '0'), ('11', '2', '63', '63', '316', '0000-00-00 00:00:00', '2015-07-11 01:52:15', '0'), ('12', '2', '70', '70', '270', '0000-00-00 00:00:00', '2015-07-11 01:52:15', '0'), ('13', '2', '78', '78', '231', '0000-00-00 00:00:00', '2015-07-11 01:52:15', '0'), ('14', '2', 'P78', '79', '181', '0000-00-00 00:00:00', '2015-07-11 01:52:15', '0');

INSERT INTO `t_result` VALUES ('1', '2014', '1', '1', '1', '0', '3', null, '2014-11-08', '1', '1', '2015-07-03 16:31:22', '2015-07-11 12:15:14', '0'), ('2', '2014', '1', '5', '1', '0', '2', null, '2014-11-08', '1', '1', '2015-07-03 16:32:45', '2015-07-03 16:32:45', '0'), ('3', '2014', '1', '11', '1', '0', '3', null, '2014-11-08', '1', '1', '2015-07-03 16:37:18', '2015-07-03 16:37:18', '0'), ('4', '2014', '1', '12', '1', '0', '1', null, '2014-11-08', '1', '1', '2015-07-03 16:37:50', '2015-07-14 20:21:14', '1'), ('5', '2015', '2', '7', '1', '0', '1', null, '2015-02-20', '1', '1', '2015-07-03 16:42:37', '2015-07-05 19:24:49', '0'), ('6', '2015', '2', '9', '1', '0', '6', null, '2015-02-20', '1', '1', '2015-07-03 16:45:17', '2015-07-05 19:24:49', '0'), ('7', '2015', '3', '3', '1', '0', '1', null, '2015-02-14', '1', '1', '2015-07-03 16:50:37', '2015-07-14 19:01:12', '0'), ('8', '2014', '4', '3', '1', '0', '3', null, '2014-12-05', '1', '1', '2015-07-03 16:56:02', '2015-07-14 19:50:20', '0'), ('9', '2014', '4', '5', '1', '0', '6', null, '2014-12-05', '1', '1', '2015-07-03 16:57:24', '2015-07-03 16:57:24', '0'), ('10', '2014', '4', '7', '1', '0', '2', null, '2014-12-05', '1', '1', '2015-07-03 16:58:15', '2015-07-03 16:58:15', '0'), ('11', '2014', '4', '12', '1', '0', '4', null, '2014-12-05', '1', '1', '2015-07-03 16:59:30', '2015-07-14 20:21:14', '1'), ('12', '2014', '4', '12', '1', '0', '4', null, '2014-12-05', '1', '1', '2015-07-03 17:06:15', '2015-07-04 10:48:50', '1'), ('13', '2014', '5', '6', '1', '0', '2', null, '2014-11-27', '1', '1', '2015-07-03 17:15:52', '2015-07-03 17:15:52', '0'), ('14', '2014', '6', '2', '1', '0', '4', null, '2014-10-10', '1', '1', '2015-07-03 17:20:57', '2015-07-11 01:35:23', '0'), ('15', '2014', '7', '7', '1', '0', '3', null, '2014-09-20', '1', '1', '2015-07-03 17:29:46', '2015-07-03 17:29:46', '0'), ('16', '2014', '8', '9', '1', '0', '3', null, '2014-08-25', '1', '1', '2015-07-03 17:39:38', '2015-07-03 17:39:38', '0'), ('17', '2014', '9', '3', '1', '0', '3', null, '2014-07-12', '1', '1', '2015-07-03 17:41:47', '2015-07-03 17:43:11', '0'), ('18', '2014', '9', '5', '1', '0', '1', null, '2014-07-12', '1', '1', '2015-07-03 18:07:44', '2015-07-03 18:07:44', '0'), ('19', '2014', '10', '4', '1', '0', '3', null, '2014-07-04', '1', '1', '2015-07-03 18:12:09', '2015-07-03 18:12:09', '0'), ('20', '2014', '10', '7', '1', '0', '3', null, '2014-07-04', '1', '1', '2015-07-03 18:13:07', '2015-07-03 18:13:07', '0'), ('21', '2014', '11', '9', '1', '0', '1', null, '2014-06-21', '1', '1', '2015-07-03 18:15:49', '2015-07-12 10:42:42', '0'), ('22', '2014', '12', '3', '1', '0', '1', null, '2014-05-09', '1', '1', '2015-07-03 18:17:56', '2015-07-03 18:17:56', '0'), ('23', '2014', '13', '2', '1', '0', '2', null, '2014-04-05', '1', '1', '2015-07-03 18:22:02', '2015-07-03 18:22:02', '0'), ('24', '2014', '13', '9', '1', '0', '1', null, '2014-04-05', '1', '1', '2015-07-03 18:23:49', '2015-07-11 10:25:30', '0'), ('25', '2013', '14', '3', '1', '0', '2', null, '2013-11-09', '1', '1', '2015-07-03 18:26:41', '2015-07-03 18:26:41', '0'), ('26', '2013', '14', '4', '1', '0', '3', null, '2013-11-09', '1', '1', '2015-07-03 18:27:18', '2015-07-03 18:27:18', '0'), ('27', '2013', '14', '5', '1', '0', '1', null, '2013-11-09', '1', '1', '2015-07-03 18:27:59', '2015-07-03 18:27:59', '0'), ('28', '2013', '14', '7', '1', '0', '3', null, '2013-11-09', '1', '1', '2015-07-03 18:28:38', '2015-07-03 18:28:38', '0'), ('29', '2014', '16', '3', '1', '0', '2', null, '2014-02-21', '1', '1', '2015-07-03 18:33:29', '2015-07-03 18:33:29', '0'), ('30', '2014', '16', '7', '1', '0', '1', null, '2014-02-21', '1', '1', '2015-07-03 18:35:04', '2015-07-03 18:35:04', '0'), ('31', '2014', '17', '4', '1', '0', '1', null, '2014-02-15', '1', '1', '2015-07-03 18:38:52', '2015-07-03 18:38:52', '0'), ('32', '2014', '18', '5', '1', '0', '3', null, '2014-02-08', '1', '1', '2015-07-03 18:40:53', '2015-07-03 18:40:53', '0'), ('33', '2013', '19', '4', '1', '0', '3', null, '2013-12-05', '1', '1', '2015-07-03 18:44:45', '2015-07-03 18:44:45', '0'), ('34', '2013', '20', '3', '1', '0', '6', null, '2013-11-29', '1', '1', '2015-07-03 18:47:11', '2015-07-03 18:47:11', '0'), ('35', '2013', '20', '5', '1', '0', '3', null, '2013-11-29', '1', '1', '2015-07-03 18:47:50', '2015-07-03 18:47:50', '0'), ('36', '2013', '20', '7', '1', '0', '3', null, '2013-11-29', '1', '1', '2015-07-03 18:48:27', '2015-07-03 18:48:27', '0'), ('37', '2013', '20', '9', '1', '0', '1', null, '2013-11-29', '1', '1', '2015-07-03 18:49:20', '2015-07-03 18:49:20', '0'), ('38', '2013', '21', '3', '1', '0', '3', null, '2013-10-23', '1', '1', '2015-07-03 18:53:25', '2015-07-03 18:53:25', '0'), ('39', '2013', '22', '9', '1', '0', '1', null, '2013-08-26', '1', '1', '2015-07-03 19:00:52', '2015-07-03 19:00:52', '0'), ('40', '2013', '23', '6', '1', '0', '3', null, '2013-07-13', '1', '1', '2015-07-03 19:02:50', '2015-07-03 19:02:50', '0'), ('41', '2013', '24', '5', '1', '0', '1', null, '2013-07-07', '1', '1', '2015-07-03 19:16:04', '2015-07-03 19:16:04', '0'), ('42', '2013', '25', '9', '1', '0', '1', null, '2013-05-25', '1', '1', '2015-07-03 19:34:40', '2015-07-03 19:34:40', '0'), ('43', '2013', '26', '12', '1', '0', '1', null, '2013-04-19', '1', '1', '2015-07-03 19:37:33', '2015-07-14 20:21:14', '1'), ('44', '2013', '27', '4', '1', '0', '3', null, '2013-10-14', '1', '1', '2015-07-03 19:41:41', '2015-07-03 19:41:41', '0'), ('45', '2014', '1', '108', '9', '0', '3', null, '2014-11-08', '1', '1', '2015-07-03 23:02:25', '2015-07-03 23:02:25', '0'), ('46', '2014', '1', '110', '9', '0', '3', null, '2014-11-08', '1', '1', '2015-07-03 23:03:12', '2015-07-03 23:03:12', '0'), ('47', '2014', '1', '112', '9', '0', '2', null, '2014-11-08', '1', '1', '2015-07-03 23:03:54', '2015-07-03 23:03:54', '0'), ('48', '2014', '1', '115', '9', '0', '1', null, '2014-11-08', '1', '1', '2015-07-03 23:04:38', '2015-07-03 23:04:38', '0'), ('49', '2015', '2', '114', '9', '0', '2', null, '2015-02-20', '1', '1', '2015-07-03 23:08:01', '2015-07-05 19:24:49', '1'), ('50', '2015', '2', '115', '9', '0', '6', null, '2015-02-20', '1', '1', '2015-07-03 23:09:32', '2015-07-05 19:24:49', '1'), ('51', '2015', '3', '116', '9', '0', '2', null, '2015-02-14', '1', '1', '2015-07-03 23:11:01', '2015-07-03 23:11:01', '0'), ('52', '2015', '28', '108', '9', '0', '1', null, '2015-02-07', '1', '1', '2015-07-03 23:17:53', '2015-07-03 23:17:53', '0'), ('53', '2015', '28', '110', '9', '0', '2', null, '2015-02-07', '1', '1', '2015-07-03 23:18:46', '2015-07-03 23:18:46', '0'), ('54', '2014', '4', '112', '9', '0', '3', null, '2014-12-05', '1', '1', '2015-07-03 23:31:40', '2015-07-03 23:31:40', '0'), ('55', '2014', '4', '114', '9', '0', '3', null, '2014-12-05', '1', '1', '2015-07-03 23:32:11', '2015-07-03 23:32:11', '0'), ('56', '2014', '4', '115', '9', '0', '2', null, '2014-12-05', '1', '1', '2015-07-03 23:32:52', '2015-07-03 23:32:52', '0'), ('57', '2014', '4', '116', '9', '0', '1', null, '2014-12-05', '1', '1', '2015-07-03 23:33:20', '2015-07-03 23:33:20', '0'), ('58', '2014', '5', '112', '9', '0', '2', null, '2014-11-27', '1', '1', '2015-07-03 23:36:02', '2015-07-03 23:36:02', '0'), ('59', '2014', '29', '115', '9', '0', '2', null, '2014-11-19', '1', '1', '2015-07-03 23:49:11', '2015-07-03 23:49:11', '0'), ('60', '2014', '30', '108', '9', '1', '1', '10', '2014-10-22', '1', '1', '2015-07-04 00:06:10', '2015-07-04 00:25:49', '0'), ('61', '2014', '30', '108', '9', '0', '3', null, '2014-10-22', '1', '1', '2015-07-04 00:29:19', '2015-07-04 00:29:19', '0'), ('62', '2014', '7', '114', '9', '1', '1', '10', '2014-09-20', '1', '1', '2015-07-04 00:38:49', '2015-07-04 00:41:14', '0'), ('63', '2014', '7', '114', '9', '0', '1', null, '2014-09-20', '1', '1', '2015-07-04 00:43:11', '2015-07-04 00:43:11', '0'), ('64', '2014', '8', '112', '10', '1', '3', '14', '2014-08-25', '1', '1', '2015-07-04 00:54:37', '2015-07-04 00:54:37', '0'), ('65', '2014', '8', '116', '9', '1', '3', '10', '2014-08-25', '1', '1', '2015-07-04 00:56:59', '2015-07-04 00:56:59', '0'), ('66', '2014', '8', '116', '9', '0', '5', null, '2014-08-25', '1', '1', '2015-07-04 00:58:09', '2015-07-04 00:58:09', '0'), ('67', '2014', '9', '114', '9', '0', '1', null, '2014-07-12', '1', '1', '2015-07-04 01:00:50', '2015-07-04 01:00:50', '0'), ('68', '2014', '12', '113', '9', '0', '1', null, '2014-05-09', '1', '1', '2015-07-04 01:09:49', '2015-07-04 01:09:49', '0'), ('69', '2014', '12', '113', '9', '1', '1', '9', '2014-05-09', '1', '1', '2015-07-04 01:12:34', '2015-07-04 01:12:34', '0'), ('70', '2014', '13', '114', '9', '0', '2', null, '2014-04-05', '1', '1', '2015-07-04 01:21:08', '2015-07-04 01:21:08', '0'), ('71', '2014', '13', '115', '9', '0', '1', null, '2014-04-05', '1', '1', '2015-07-04 01:21:44', '2015-07-04 01:21:44', '0'), ('72', '2013', '14', '109', '9', '0', '3', null, '2013-11-09', '1', '1', '2015-07-04 01:24:38', '2015-07-04 01:24:38', '0'), ('73', '2013', '14', '111', '9', '0', '3', null, '2013-11-09', '1', '1', '2015-07-04 01:25:49', '2015-07-04 01:25:49', '0'), ('74', '2013', '14', '112', '9', '0', '2', null, '2013-11-09', '1', '1', '2015-07-04 01:26:25', '2015-07-04 01:26:25', '0'), ('75', '2013', '14', '114', '9', '0', '1', null, '2013-11-09', '1', '1', '2015-07-04 01:26:54', '2015-07-04 01:26:54', '0'), ('76', '2014', '31', '111', '9', '0', '6', null, '2014-02-15', '1', '1', '2015-07-04 01:41:28', '2015-07-04 01:41:28', '0'), ('77', '2014', '31', '112', '9', '0', '3', null, '2014-02-15', '1', '1', '2015-07-04 01:47:40', '2015-07-04 01:47:40', '0'), ('78', '2014', '16', '116', '9', '0', '2', null, '2014-02-21', '1', '1', '2015-07-04 01:49:53', '2015-07-04 01:49:53', '0'), ('79', '2014', '18', '114', '9', '0', '6', null, '2014-02-08', '1', '1', '2015-07-04 02:20:18', '2015-07-04 02:20:18', '0'), ('80', '2013', '20', '109', '9', '0', '6', null, '2013-11-29', '1', '1', '2015-07-04 02:30:49', '2015-07-04 02:30:49', '0'), ('81', '2013', '20', '111', '9', '0', '5', null, '2013-11-29', '1', '1', '2015-07-04 02:38:17', '2015-07-04 02:38:17', '0'), ('82', '2013', '20', '112', '9', '0', '3', null, '2013-11-29', '1', '1', '2015-07-04 02:39:03', '2015-07-04 02:39:03', '0'), ('83', '2013', '20', '116', '9', '0', '1', null, '2013-11-29', '1', '1', '2015-07-04 02:39:33', '2015-07-04 02:39:33', '0'), ('84', '2014', '30', '10', '1', '0', '4', null, '2014-10-22', '1', '1', '2015-07-04 10:52:11', '2015-07-04 10:52:11', '0'), ('85', '2014', '1', '14', '2', '0', '1', null, '2014-11-08', '1', '1', '2015-07-06 10:45:09', '2015-07-06 10:45:09', '0'), ('86', '2015', '2', '14', '2', '0', '6', null, '2015-02-20', '1', '1', '2015-07-06 10:48:33', '2015-07-06 10:48:33', '0'), ('87', '2014', '4', '14', '2', '0', '1', null, '2014-12-05', '1', '1', '2015-07-06 10:50:16', '2015-07-06 10:50:16', '0'), ('88', '2014', '30', '14', '2', '1', '1', '9', '2014-10-22', '1', '1', '2015-07-06 10:52:26', '2015-07-06 10:52:26', '0'), ('89', '2014', '30', '14', '2', '0', '2', null, '2014-10-22', '1', '1', '2015-07-06 10:53:47', '2015-07-06 10:53:47', '0'), ('90', '2014', '4', '15', '2', '0', '4', null, '2014-12-05', '1', '1', '2015-07-06 10:59:50', '2015-07-06 10:59:50', '0'), ('91', '2014', '8', '15', '2', '0', '1', null, '2014-08-25', '1', '1', '2015-07-06 11:01:44', '2015-07-06 11:01:44', '0'), ('92', '2014', '8', '15', '2', '1', '1', '11', '2014-08-25', '1', '1', '2015-07-06 11:03:13', '2015-07-06 11:03:13', '0'), ('93', '2013', '15', '15', '2', '0', '1', null, '2013-02-25', '1', '1', '2015-07-06 11:04:57', '2015-07-06 11:04:57', '0'), ('95', '2013', '22', '15', '2', '0', '1', null, '2013-08-26', '1', '1', '2015-07-06 11:31:32', '2015-07-06 11:31:32', '0'), ('96', '2013', '26', '15', '2', '1', '1', '9', '2013-04-19', '1', '1', '2015-07-06 11:33:45', '2015-07-06 11:33:45', '0'), ('97', '2015', '2', '17', '2', '0', '1', null, '2015-02-20', '1', '1', '2015-07-06 11:58:23', '2015-07-06 11:58:23', '0'), ('98', '2014', '4', '17', '2', '0', '3', null, '2014-12-05', '1', '1', '2015-07-06 12:10:44', '2015-07-06 12:10:44', '0'), ('99', '2014', '4', '18', '2', '0', '7', null, '2014-12-05', '1', '1', '2015-07-06 12:11:34', '2015-07-06 12:12:35', '0'), ('100', '2014', '8', '17', '2', '1', '1', '12', '2014-08-25', '1', '1', '2015-07-06 12:15:50', '2015-07-06 12:15:50', '0'), ('101', '2014', '8', '17', '2', '0', '4', null, '2014-08-25', '1', '1', '2015-07-06 12:17:02', '2015-07-06 12:17:02', '0');
INSERT INTO `t_result` VALUES ('102', '2014', '11', '17', '2', '0', '1', null, '2014-06-21', '1', '1', '2015-07-06 12:18:00', '2015-07-06 12:18:00', '0'), ('103', '2014', '13', '17', '2', '0', '1', null, '2014-04-05', '1', '1', '2015-07-06 12:20:48', '2015-07-06 12:20:48', '0'), ('104', '2013', '14', '17', '2', '0', '3', null, '2013-11-09', '1', '1', '2015-07-06 12:21:58', '2015-07-06 12:22:58', '0'), ('105', '2013', '14', '24', '2', '0', '1', null, '2013-11-09', '1', '1', '2015-07-06 12:24:46', '2015-07-06 12:24:46', '0'), ('106', '2013', '14', '25', '2', '0', '2', null, '2013-11-09', '1', '1', '2015-07-06 12:25:28', '2015-07-06 12:25:28', '0'), ('107', '2013', '14', '28', '2', '0', '3', null, '2013-11-09', '1', '1', '2015-07-06 12:26:04', '2015-07-06 12:26:04', '0'), ('108', '2014', '17', '17', '2', '0', '1', null, '2014-02-15', '1', '1', '2015-07-06 12:28:14', '2015-07-06 12:28:14', '0'), ('109', '2014', '17', '28', '2', '0', '3', null, '2014-02-15', '1', '1', '2015-07-06 12:29:14', '2015-07-06 12:29:14', '0'), ('110', '2013', '19', '17', '2', '0', '2', null, '2013-12-05', '1', '1', '2015-07-06 12:32:58', '2015-07-06 12:32:58', '0'), ('111', '2013', '19', '28', '2', '0', '1', null, '2013-12-05', '1', '1', '2015-07-06 12:33:45', '2015-07-06 12:33:45', '0'), ('112', '2014', '1', '18', '2', '0', '3', null, '2014-11-08', '1', '1', '2015-07-06 12:42:01', '2015-07-06 12:42:01', '0'), ('113', '2015', '3', '18', '2', '0', '3', null, '2015-02-14', '1', '1', '2015-07-06 12:44:26', '2015-07-06 12:44:26', '0'), ('115', '2014', '7', '18', '2', '0', '2', null, '2014-09-20', '1', '1', '2015-07-06 15:07:02', '2015-07-06 15:07:02', '0'), ('116', '2014', '7', '18', '2', '1', '3', '9', '2014-09-20', '1', '1', '2015-07-06 15:08:48', '2015-07-06 15:08:48', '0'), ('117', '2014', '10', '18', '2', '0', '1', null, '2014-07-04', '1', '1', '2015-07-06 15:10:18', '2015-07-06 15:10:18', '0'), ('118', '2014', '10', '19', '2', '0', '3', null, '2014-07-04', '1', '1', '2015-07-06 15:11:39', '2015-07-06 15:11:39', '0'), ('119', '2014', '18', '18', '2', '0', '3', null, '2014-02-08', '1', '1', '2015-07-06 15:18:43', '2015-07-06 15:18:43', '0'), ('120', '2013', '20', '18', '2', '0', '1', null, '2013-11-29', '1', '1', '2015-07-06 15:22:18', '2015-07-06 15:22:18', '0'), ('121', '2013', '20', '22', '2', '0', '4', null, '2013-11-29', '1', '1', '2015-07-06 15:29:29', '2015-07-06 15:29:29', '0'), ('122', '2013', '20', '24', '2', '0', '5', null, '2013-11-29', '1', '1', '2015-07-06 15:30:07', '2015-07-06 15:30:07', '0'), ('123', '2013', '20', '25', '2', '0', '3', null, '2013-11-29', '1', '1', '2015-07-06 15:32:36', '2015-07-06 15:32:36', '0'), ('124', '2013', '24', '18', '2', '0', '1', null, '2013-07-07', '1', '1', '2015-07-06 15:36:17', '2015-07-06 15:36:17', '0'), ('125', '2013', '24', '18', '2', '1', '1', '9', '2013-07-07', '1', '1', '2015-07-06 15:37:28', '2015-07-06 15:37:28', '0'), ('126', '2013', '25', '18', '2', '0', '2', null, '2013-05-25', '1', '1', '2015-07-06 15:39:14', '2015-07-06 15:39:14', '0'), ('127', '2014', '5', '19', '2', '0', '1', null, '2014-11-27', '1', '1', '2015-07-06 15:51:16', '2015-07-06 15:51:16', '0'), ('128', '2013', '21', '19', '2', '0', '2', null, '2013-10-23', '1', '1', '2015-07-06 15:59:30', '2015-07-06 15:59:30', '0'), ('129', '2013', '21', '21', '2', '0', '1', null, '2013-10-23', '1', '1', '2015-07-06 16:00:13', '2015-07-06 16:00:13', '0'), ('130', '2014', '1', '20', '2', '0', '2', null, '2014-11-08', '1', '1', '2015-07-06 16:46:44', '2015-07-06 16:46:44', '0'), ('131', '2014', '1', '27', '2', '0', '3', null, '2014-11-08', '1', '1', '2015-07-06 16:47:31', '2015-07-06 16:47:31', '0'), ('132', '2014', '6', '21', '2', '0', '1', null, '2014-10-10', '1', '1', '2015-07-06 16:50:09', '2015-07-06 16:50:09', '0'), ('133', '2014', '12', '21', '2', '0', '1', null, '2014-05-09', '1', '1', '2015-07-06 16:54:10', '2015-07-06 16:54:10', '0'), ('134', '2014', '12', '21', '2', '1', '3', '9', '2014-05-09', '1', '1', '2015-07-06 16:55:17', '2015-07-06 16:55:17', '0'), ('136', '2014', '9', '22', '2', '0', '3', null, '2014-07-12', '1', '1', '2015-07-06 17:04:04', '2015-07-06 17:04:04', '0'), ('137', '2014', '9', '28', '2', '0', '2', null, '2014-07-12', '1', '1', '2015-07-06 17:04:36', '2015-07-06 17:04:36', '0'), ('138', '2014', '18', '22', '2', '0', '3', null, '2014-02-08', '1', '1', '2015-07-06 17:12:28', '2015-07-06 17:12:28', '0'), ('139', '2013', '26', '22', '2', '0', '2', null, '2013-04-19', '1', '1', '2015-07-06 17:29:31', '2015-07-06 17:29:31', '0'), ('140', '2013', '32', '23', '2', '1', '1', '9', '2013-10-19', '1', '1', '2015-07-06 17:34:00', '2015-07-06 17:34:00', '0'), ('141', '2013', '33', '26', '2', '0', '7', null, '2013-07-21', '1', '1', '2015-07-06 17:40:41', '2015-07-06 17:40:41', '0'), ('142', '2013', '27', '26', '2', '0', '1', null, '2013-10-14', '1', '1', '2015-07-06 17:41:54', '2015-07-06 17:41:54', '0'), ('143', '2014', '29', '28', '2', '0', '3', null, '2014-11-19', '1', '1', '2015-07-06 17:45:30', '2015-07-06 17:45:30', '0'), ('144', '2014', '13', '28', '2', '0', '2', null, '2014-04-05', '1', '1', '2015-07-06 17:49:22', '2015-07-06 17:49:22', '0'), ('145', '2015', '34', '5', '1', '0', '1', null, '2015-04-04', '1', '1', '2015-07-07 01:58:22', '2015-07-14 19:05:46', '0'), ('146', '2015', '34', '7', '1', '0', '2', null, '2015-04-04', '1', '1', '2015-07-07 01:59:25', '2015-08-03 16:53:08', '0'), ('147', '2013', '21', '21', '2', '1', '2', '9', '2013-10-23', '1', '1', '2015-07-07 19:14:02', '2015-07-07 19:14:02', '0'), ('148', '2013', '22', '22', '2', '0', '3', null, '2013-08-26', '1', '1', '2015-07-07 19:35:07', '2015-07-07 19:35:07', '0'), ('149', '2013', '22', '22', '2', '1', '3', '9', '2013-08-26', '1', '1', '2015-07-07 19:39:11', '2015-07-07 19:39:11', '0'), ('150', '2014', '16', '25', '2', '0', '4', null, '2014-02-21', '1', '1', '2015-07-07 19:54:33', '2015-07-07 19:54:33', '0'), ('151', '2015', '34', '15', '2', '0', '1', null, '2015-04-04', '1', '1', '2015-07-07 23:15:09', '2015-07-07 23:15:09', '0'), ('152', '2015', '34', '17', '2', '0', '2', null, '2015-04-04', '1', '1', '2015-07-07 23:16:35', '2015-07-07 23:16:35', '0'), ('153', '2013', '21', '112', '9', '0', '5', null, '2013-10-23', '1', '1', '2015-07-08 01:35:45', '2015-07-08 01:35:45', '0'), ('155', '2013', '21', '112', '9', '1', '2', '9', '2013-10-23', '1', '1', '2015-07-08 01:41:12', '2015-07-08 01:41:12', '0'), ('156', '2015', '2', '114', '9', '0', '2', null, '2015-02-20', '1', '1', '2015-07-08 01:47:33', '2015-07-08 01:47:33', '0'), ('157', '2015', '2', '115', '9', '0', '6', null, '2015-02-20', '1', '1', '2015-07-08 01:58:54', '2015-07-08 01:58:54', '0'), ('158', '2013', '22', '116', '9', '0', '3', null, '2013-08-26', '1', '1', '2015-07-08 02:06:40', '2015-07-08 02:06:40', '0'), ('159', '2013', '26', '116', '9', '0', '1', null, '2013-04-19', '1', '1', '2015-07-08 02:09:16', '2015-07-08 02:09:16', '0'), ('160', '2013', '26', '117', '9', '0', '1', null, '2013-04-19', '1', '1', '2015-07-08 02:11:13', '2015-07-08 02:11:13', '0'), ('161', '2013', '27', '117', '9', '0', '1', null, '2013-10-14', '1', '1', '2015-07-08 02:13:07', '2015-07-08 02:13:07', '0'), ('162', '2014', '1', '99', '8', '0', '1', null, '2014-11-08', '1', '1', '2015-07-08 10:43:11', '2015-07-08 10:43:11', '0'), ('163', '2014', '1', '102', '8', '0', '3', null, '2014-11-08', '1', '1', '2015-07-08 10:44:13', '2015-07-08 10:44:13', '0'), ('164', '2014', '1', '104', '8', '0', '2', null, '2014-11-08', '1', '1', '2015-07-08 10:44:48', '2015-07-08 10:44:48', '0'), ('165', '2014', '1', '105', '8', '0', '3', null, '2014-11-08', '1', '1', '2015-07-08 10:45:55', '2015-07-08 10:45:55', '0'), ('167', '2015', '2', '101', '8', '0', '6', null, '2015-02-20', '1', '1', '2015-07-08 10:54:03', '2015-07-08 10:54:03', '0'), ('168', '2015', '2', '99', '8', '0', '3', null, '2015-02-20', '1', '1', '2015-07-08 10:55:11', '2015-07-08 10:55:11', '0'), ('169', '2015', '28', '102', '8', '0', '4', null, '2015-02-07', '1', '1', '2015-07-08 10:56:36', '2015-07-08 10:56:36', '0'), ('170', '2015', '28', '104', '8', '0', '2', null, '2015-02-07', '1', '1', '2015-07-08 10:57:23', '2015-07-08 10:57:23', '0'), ('171', '2014', '4', '99', '8', '0', '2', null, '2014-12-05', '1', '1', '2015-07-08 11:05:05', '2015-07-08 11:05:05', '0'), ('172', '2014', '4', '101', '8', '0', '1', null, '2014-12-05', '1', '1', '2015-07-08 11:08:17', '2015-07-08 11:08:17', '0'), ('173', '2014', '4', '104', '8', '0', '6', null, '2014-12-05', '1', '1', '2015-07-08 11:08:52', '2015-07-08 11:08:52', '0'), ('174', '2014', '4', '105', '8', '0', '6', null, '2014-12-05', '1', '1', '2015-07-08 11:10:03', '2015-07-08 11:10:03', '0'), ('175', '2014', '30', '101', '8', '0', '1', null, '2014-10-22', '1', '1', '2015-07-08 11:11:27', '2015-07-08 11:11:27', '0'), ('176', '2014', '7', '106', '8', '0', '2', null, '2014-09-20', '1', '1', '2015-07-08 11:14:16', '2015-07-08 11:14:16', '0'), ('177', '2014', '8', '101', '8', '0', '1', null, '2014-08-25', '1', '1', '2015-07-08 11:17:55', '2015-07-08 11:17:55', '0'), ('178', '2014', '9', '106', '8', '0', '2', null, '2014-07-12', '1', '1', '2015-07-08 11:20:23', '2015-07-08 11:20:23', '0'), ('179', '2014', '13', '101', '8', '0', '1', null, '2014-04-05', '1', '1', '2015-07-08 11:22:46', '2015-07-08 11:22:46', '0'), ('180', '2014', '13', '106', '8', '0', '2', null, '2014-04-05', '1', '1', '2015-07-08 11:23:25', '2015-07-08 11:23:25', '0'), ('181', '2013', '14', '100', '8', '0', '2', null, '2013-11-09', '1', '1', '2015-07-08 11:24:32', '2015-07-08 11:24:32', '0'), ('182', '2013', '14', '101', '8', '0', '3', null, '2013-11-09', '1', '1', '2015-07-08 11:25:02', '2015-07-08 11:25:02', '0'), ('183', '2013', '14', '105', '8', '0', '1', null, '2013-11-09', '1', '1', '2015-07-08 11:25:40', '2015-07-08 11:25:40', '0'), ('184', '2013', '14', '106', '8', '0', '3', null, '2013-11-09', '1', '1', '2015-07-08 11:26:07', '2015-07-08 11:26:07', '0'), ('185', '2014', '31', '103', '8', '0', '3', null, '2014-02-15', '1', '1', '2015-07-08 11:27:14', '2015-07-08 11:27:14', '0'), ('186', '2014', '16', '101', '8', '0', '3', null, '2014-02-21', '1', '1', '2015-07-08 11:31:41', '2015-07-08 11:31:41', '0'), ('187', '2014', '18', '106', '8', '0', '1', null, '2014-02-08', '1', '1', '2015-07-08 11:33:40', '2015-07-08 11:33:40', '0'), ('188', '2013', '19', '106', '8', '0', '1', null, '2013-12-05', '1', '1', '2015-07-08 11:42:27', '2015-07-08 11:42:27', '0'), ('189', '2013', '20', '101', '8', '0', '1', null, '2013-11-29', '1', '1', '2015-07-08 11:45:19', '2015-07-08 11:45:19', '0'), ('190', '2013', '20', '103', '8', '0', '4', null, '2013-11-29', '1', '1', '2015-07-08 11:48:57', '2015-07-08 11:48:57', '0'), ('191', '2013', '20', '105', '8', '0', '6', null, '2013-11-29', '1', '1', '2015-07-08 11:49:51', '2015-07-08 11:49:51', '0'), ('192', '2013', '20', '106', '8', '0', '3', null, '2013-11-29', '1', '1', '2015-07-08 11:50:24', '2015-07-08 11:50:24', '0'), ('193', '2013', '21', '107', '8', '0', '3', null, '2013-10-23', '1', '1', '2015-07-08 11:56:48', '2015-07-08 11:56:48', '0'), ('194', '2013', '22', '99', '8', '0', '2', null, '2013-08-26', '1', '1', '2015-07-08 12:00:06', '2015-07-08 12:00:06', '0'), ('195', '2013', '26', '100', '8', '0', '1', null, '2013-04-19', '1', '1', '2015-07-08 12:01:20', '2015-07-08 12:01:20', '0'), ('196', '2013', '27', '107', '8', '0', '3', null, '2013-10-14', '1', '1', '2015-07-08 12:05:31', '2015-07-08 12:05:31', '0'), ('197', '2014', '12', '107', '8', '0', '2', null, '2014-05-09', '1', '1', '2015-07-08 12:09:59', '2015-07-08 12:09:59', '0'), ('198', '2014', '1', '118', '10', '0', '2', null, '2014-11-08', '1', '1', '2015-07-08 12:12:54', '2015-07-08 12:12:54', '0'), ('199', '2014', '1', '123', '10', '0', '3', null, '2014-11-08', '1', '1', '2015-07-08 12:13:47', '2015-07-08 12:13:47', '0'), ('200', '2014', '1', '128', '10', '0', '1', null, '2014-11-08', '1', '1', '2015-07-08 12:25:28', '2015-07-08 12:25:28', '0'), ('201', '2014', '1', '129', '10', '0', '3', null, '2014-11-08', '1', '1', '2015-07-08 12:26:19', '2015-07-08 12:26:19', '0'), ('202', '2015', '2', '119', '10', '0', '6', null, '2015-02-20', '1', '1', '2015-07-08 12:29:29', '2015-07-08 12:29:29', '0'), ('203', '2015', '2', '127', '10', '0', '7', null, '2015-02-20', '1', '1', '2015-07-08 12:30:45', '2015-07-08 12:30:45', '0'), ('204', '2015', '35', '126', '10', '0', '1', null, '2015-02-14', '1', '1', '2015-07-08 12:33:46', '2015-07-08 12:33:46', '0'), ('205', '2015', '35', '128', '10', '0', '5', null, '2015-02-14', '1', '1', '2015-07-08 12:42:10', '2015-07-08 12:42:10', '0');
INSERT INTO `t_result` VALUES ('206', '2015', '28', '123', '10', '0', '2', null, '2015-02-07', '1', '1', '2015-07-08 12:45:59', '2015-07-08 12:45:59', '0'), ('207', '2015', '28', '129', '10', '0', '7', null, '2015-02-07', '1', '1', '2015-07-08 12:47:18', '2015-07-08 12:47:18', '0'), ('208', '2014', '4', '119', '10', '0', '5', null, '2014-12-05', '1', '1', '2015-07-08 12:50:33', '2015-07-08 12:50:33', '0'), ('209', '2014', '4', '126', '10', '0', '1', null, '2014-12-05', '1', '1', '2015-07-08 12:53:36', '2015-07-08 12:53:36', '0'), ('210', '2014', '4', '127', '10', '0', '4', null, '2014-12-05', '1', '1', '2015-07-08 12:56:31', '2015-07-08 12:56:31', '0'), ('211', '2014', '4', '128', '10', '0', '3', null, '2014-12-05', '1', '1', '2015-07-08 12:57:04', '2015-07-08 12:57:04', '0'), ('212', '2014', '30', '124', '10', '0', '2', null, '2014-10-22', '1', '1', '2015-07-08 12:58:26', '2015-07-08 12:58:26', '0'), ('213', '2014', '30', '123', '10', '0', '1', null, '2014-10-22', '1', '1', '2015-07-08 12:59:52', '2015-07-08 12:59:52', '0'), ('214', '2014', '30', '124', '10', '1', '1', '10', '2014-10-22', '1', '1', '2015-07-08 13:00:34', '2015-07-08 13:00:34', '0'), ('215', '2014', '7', '127', '10', '0', '1', null, '2014-09-20', '1', '1', '2015-07-08 15:52:33', '2015-07-08 15:52:33', '0'), ('216', '2014', '7', '127', '10', '1', '1', '9', '2014-09-20', '1', '1', '2015-07-08 15:56:24', '2015-07-08 15:56:24', '0'), ('217', '2014', '8', '119', '10', '0', '1', null, '2014-08-25', '1', '1', '2015-07-08 15:59:47', '2015-07-08 15:59:47', '0'), ('218', '2014', '8', '126', '10', '0', '8', null, '2014-08-25', '1', '1', '2015-07-08 16:03:25', '2015-07-08 16:03:25', '0'), ('219', '2014', '9', '124', '10', '0', '4', null, '2014-07-12', '1', '1', '2015-07-08 16:05:50', '2015-07-08 16:05:50', '0'), ('220', '2014', '10', '120', '10', '0', '2', null, '2014-07-04', '1', '1', '2015-07-08 16:09:05', '2015-07-08 16:09:05', '0'), ('221', '2014', '11', '126', '10', '0', '1', null, '2014-06-21', '1', '1', '2015-07-08 16:16:02', '2015-07-08 16:16:02', '0'), ('222', '2014', '12', '122', '10', '0', '3', null, '2014-05-09', '1', '1', '2015-07-08 16:24:31', '2015-07-08 16:24:31', '0'), ('223', '2014', '12', '122', '10', '1', '1', '10', '2014-05-09', '1', '1', '2015-07-08 16:25:54', '2015-07-08 16:25:54', '0'), ('224', '2014', '13', '119', '10', '0', '1', null, '2014-04-05', '1', '1', '2015-07-08 16:27:30', '2015-07-08 16:27:30', '0'), ('225', '2014', '13', '127', '10', '0', '2', null, '2014-04-05', '1', '1', '2015-07-08 16:28:12', '2015-07-08 16:28:12', '0'), ('227', '2013', '14', '118', '10', '0', '3', null, '2013-11-09', '1', '1', '2015-07-08 16:31:13', '2015-07-08 16:31:13', '0'), ('228', '2013', '14', '119', '10', '0', '2', null, '2013-11-09', '1', '1', '2015-07-08 16:31:57', '2015-07-08 16:31:57', '0'), ('229', '2013', '14', '124', '10', '0', '3', null, '2013-11-09', '1', '1', '2015-07-08 16:32:24', '2015-07-08 16:32:24', '0'), ('230', '2013', '14', '126', '10', '0', '1', null, '2013-11-09', '1', '1', '2015-07-08 16:32:50', '2015-07-08 16:32:50', '0'), ('231', '2014', '31', '124', '10', '0', '2', null, '2014-02-15', '1', '1', '2015-07-08 16:33:44', '2015-07-08 16:33:44', '0'), ('232', '2014', '16', '126', '10', '0', '1', null, '2014-02-21', '1', '1', '2015-07-08 16:36:42', '2015-07-08 16:36:42', '0'), ('233', '2014', '18', '119', '10', '0', '2', null, '2014-02-08', '1', '1', '2015-07-08 16:38:55', '2015-07-08 16:38:55', '0'), ('234', '2014', '18', '127', '10', '0', '1', null, '2014-02-08', '1', '1', '2015-07-08 16:39:38', '2015-07-08 16:39:38', '0'), ('235', '2013', '19', '124', '10', '0', '1', null, '2013-12-05', '1', '1', '2015-07-08 16:42:18', '2015-07-08 16:42:18', '0'), ('236', '2013', '20', '118', '10', '0', '6', null, '2013-11-29', '1', '1', '2015-07-08 16:44:54', '2015-07-08 16:44:54', '0'), ('237', '2013', '20', '119', '10', '0', '1', null, '2013-11-29', '1', '1', '2015-07-08 16:45:58', '2015-07-08 16:45:58', '0'), ('238', '2013', '20', '124', '10', '0', '3', null, '2013-11-29', '1', '1', '2015-07-08 16:47:37', '2015-07-08 16:47:37', '0'), ('239', '2013', '20', '127', '10', '0', '3', null, '2013-11-29', '1', '1', '2015-07-08 16:49:40', '2015-07-08 16:49:40', '0'), ('240', '2013', '21', '124', '10', '0', '3', null, '2013-10-23', '1', '1', '2015-07-08 16:51:06', '2015-07-08 16:51:06', '0'), ('241', '2013', '21', '128', '10', '0', '8', null, '2013-10-23', '1', '1', '2015-07-08 16:52:43', '2015-07-08 16:52:43', '0'), ('242', '2013', '22', '127', '10', '0', '4', null, '2013-08-26', '1', '1', '2015-07-08 16:55:56', '2015-07-08 16:55:56', '0'), ('243', '2013', '33', '120', '10', '0', '5', null, '2013-07-21', '1', '1', '2015-07-08 16:57:52', '2015-07-08 16:57:52', '0'), ('244', '2013', '26', '118', '10', '0', '1', null, '2013-04-19', '1', '1', '2015-07-08 17:02:29', '2015-07-08 17:02:29', '0'), ('245', '2013', '26', '119', '10', '1', '1', '9', '2013-04-19', '1', '1', '2015-07-08 17:07:43', '2015-07-08 17:07:43', '0'), ('246', '2013', '27', '125', '10', '0', '3', null, '2013-10-14', '1', '1', '2015-07-08 17:08:53', '2015-07-08 17:08:53', '0'), ('247', '2015', '28', '47', '4', '0', '4', null, '2015-02-07', '1', '1', '2015-07-21 23:55:51', '2015-07-21 23:57:16', '0'), ('248', '2015', '3', '4', '1', '0', '2', null, '2015-02-14', '0', '1', '2015-07-22 10:28:43', '2015-07-22 10:28:43', '0'), ('249', '2015', '2', '111', '9', '0', '1', null, '2015-02-20', '0', '1', '2015-07-23 19:35:10', '2015-07-23 19:35:10', '0');

INSERT INTO `t_tournament` VALUES ('1', '1', '平成26年度講道館杯全日本柔道体重別選手権大会', null, '2014', 'JPN', '2014-11-08 00:00:00', '2014-11-09 00:00:00', null, '2015-07-03 16:19:40', '2015-07-03 16:19:40', '0'), ('2', '8', 'グランプリ・デュッセルドルフ', 'Grand Prix Dusseldorf', '2015', 'DEU', '2015-02-20 00:00:00', '2015-07-05 00:00:00', '1194', '2015-07-03 16:40:47', '2015-09-17 01:25:44', '0'), ('3', '19', 'ヨーロッパオープン・ローマ', 'European Open Rome', '2015', 'ITA', '2015-02-14 00:00:00', '2015-02-15 00:00:00', '1192', '2015-07-03 16:46:54', '2015-09-17 01:25:44', '0'), ('4', '7', 'グランドスラム東京2014', 'Grand Slam Tokyo 2014', '2014', 'JPN', '2014-12-05 00:00:00', '2014-12-07 00:00:00', '1187', '2015-07-03 16:55:07', '2015-09-17 01:25:44', '0'), ('5', '14', 'グランプリ・チェジュ', 'Grand Prix Jeju 2014', '2014', 'KOR', '2014-11-27 00:00:00', '2014-11-29 00:00:00', '1186', '2015-07-03 17:14:42', '2015-09-17 01:25:44', '0'), ('6', '14', 'グランプリ・アスタナ', 'Grand Prix Astana 2014', '2014', 'KAZ', '2014-10-10 00:00:00', '2014-10-12 00:00:00', '1177', '2015-07-03 17:20:13', '2015-09-17 01:25:44', '0'), ('7', '9', '第17回アジア競技大会（2014／仁川）柔道競技', 'Asian Games Incheon 2014', '2014', 'KOR', '2014-09-20 00:00:00', '2014-09-23 00:00:00', '1174', '2015-07-03 17:28:51', '2015-09-17 01:25:44', '0'), ('8', '5', 'チェリャビンスク世界柔道選手権大会', 'World Championships Chelyabinsk 2014', '2014', 'RUS', '2014-08-25 00:00:00', '2014-08-31 00:00:00', '1171', '2015-07-03 17:39:04', '2015-09-17 01:25:44', '0'), ('9', '7', 'グランドスラム・チュメニ', 'Grand Slam Tyumen 2014', '2014', 'RUS', '2014-07-12 00:00:00', '2014-07-13 00:00:00', '1167', '2015-07-03 17:40:55', '2015-09-17 01:25:44', '0'), ('10', '14', 'グランプリ・ウランバートル', 'Grand Prix Ulaanbaatar 2014', '2014', 'MNG', '2014-07-04 00:00:00', '2014-07-06 00:00:00', '1165', '2015-07-03 18:11:25', '2015-09-17 01:25:44', '0'), ('11', '14', 'グランプリ・ブダペスト', 'Grand Prix Budapest 2014', '2014', 'HUN', '2014-06-21 00:00:00', '2014-06-22 00:00:00', '1166', '2015-07-03 18:15:00', '2015-09-17 01:25:44', '0'), ('12', '17', '第7回東アジア柔道選手権大会', null, '2014', 'MNG', '2014-05-09 00:00:00', '2014-05-10 00:00:00', null, '2015-07-03 18:17:16', '2015-07-03 18:17:16', '0'), ('13', '2', '平成26年全日本選抜柔道体重別選手権大会', null, '2014', 'JPN', '2014-04-05 00:00:00', '2014-04-06 00:00:00', null, '2015-07-03 18:21:02', '2015-07-03 18:21:02', '0'), ('14', '1', '平成25年度講道館杯全日本柔道体重別選手権大会', null, '2013', 'JPN', '2013-11-09 00:00:00', '2013-11-10 00:00:00', null, '2015-07-03 18:26:08', '2015-07-03 18:26:08', '0'), ('15', '8', 'グランプリ・デュッセルドルフ', 'Grand Prix Dusseldorf 2013', '2013', 'DEU', '2013-02-25 00:00:00', '2013-02-25 00:00:00', '1095', '2015-07-03 18:29:49', '2015-09-17 01:25:44', '0'), ('16', '8', 'グランプリ・デュッセルドルフ', 'Grand Prix Dusseldorf 2014', '2014', 'DEU', '2014-02-21 00:00:00', '2014-02-23 00:00:00', '1145', '2015-07-03 18:32:44', '2015-09-17 01:25:44', '0'), ('17', '19', 'ヨーロッパオープン・オーバーヴァルト', 'European Open Oberwart 2014', '2014', 'AUS', '2014-02-15 00:00:00', '2014-02-16 00:00:00', '1143', '2015-07-03 18:38:12', '2015-09-17 01:25:44', '0'), ('18', '7', 'グランドスラム・パリ', 'Grand Slam Paris 2014', '2014', 'FRA', '2014-02-08 00:00:00', '2014-02-09 00:00:00', '1142', '2015-07-03 18:40:15', '2015-09-17 01:25:44', '0'), ('19', '14', 'グランプリ・チェジュ', 'Grand Prix Jeju 2013', '2013', 'KOR', '2013-12-05 00:00:00', '2013-12-06 00:00:00', '1131', '2015-07-03 18:44:01', '2015-09-17 01:25:44', '0'), ('20', '7', 'グランドスラム・東京2013', 'Grand Slam Tokyo 2013', '2013', 'JPN', '2013-11-29 00:00:00', '2013-12-01 00:00:00', '1130', '2015-07-03 18:45:57', '2015-09-17 01:25:44', '0'), ('21', '18', '世界ジュニア柔道選手権大会', null, '2013', 'SVN', '2013-10-23 00:00:00', '2013-10-27 00:00:00', null, '2015-07-03 18:52:48', '2015-07-03 18:52:48', '0'), ('22', '5', 'リオデジャネイロ世界柔道選手権大会', 'World Championships Rio de Janeiro 2013', '2013', 'BRA', '2013-08-26 00:00:00', '2013-09-01 00:00:00', '1117', '2015-07-03 18:56:48', '2015-09-17 01:25:44', '0'), ('23', '8', 'グランプリ・ウランバートル', null, '2013', 'MNG', '2013-07-13 00:00:00', '2013-07-14 00:00:00', null, '2015-07-03 19:02:01', '2015-07-07 10:35:26', '0'), ('24', '13', '第27回ユニバーシアード競技大会', null, '2013', 'RUS', '2013-07-07 00:00:00', '2013-07-11 00:00:00', null, '2015-07-03 19:15:06', '2015-07-03 19:15:06', '0'), ('25', '6', 'ワールドマスターズ チュメニ', 'Masters Tyumen 2013', '2013', 'RUS', '2013-05-25 00:00:00', '2013-05-26 00:00:00', '1101', '2015-07-03 19:34:02', '2015-09-17 01:25:44', '0'), ('26', '11', 'アジア柔道選手権大会', 'Asian Championships Bangkok 2013', '2013', 'THA', '2013-04-19 00:00:00', '2013-04-21 00:00:00', '1107', '2015-07-03 19:36:43', '2015-09-17 01:25:44', '0'), ('27', '15', '第6回東アジア競技大会', null, '2013', 'CHN', '2013-10-14 00:00:00', '2013-10-15 00:00:00', null, '2015-07-03 19:41:03', '2015-07-03 19:41:03', '0'), ('28', '19', 'ヨーロッパオープン・ソフィア', 'European Open Sofia', '2015', 'BGR', '2015-02-07 00:00:00', '2015-02-08 00:00:00', '1191', '2015-07-03 23:13:22', '2015-09-17 01:25:44', '0'), ('29', '14', 'グランプリ・青島', 'Grand Prix Qingdao 2014', '2014', 'CHN', '2014-11-19 00:00:00', '2014-11-21 00:00:00', '1185', '2015-07-03 23:48:30', '2015-09-17 01:25:44', '0'), ('30', '18', '世界ジュニア柔道選手権大会', null, '2014', 'USA', '2014-10-22 00:00:00', '2014-10-26 00:00:00', null, '2015-07-04 00:05:24', '2015-07-04 00:05:24', '0'), ('31', '19', 'ヨーロッパオープン・ローマ', 'European Open Rome 2014', '2014', 'ITA', '2014-02-15 00:00:00', '2014-02-15 00:00:00', '1144', '2015-07-04 01:40:48', '2015-09-17 01:25:44', '0'), ('32', '19', 'ワールドコンバットゲーム・サンクトペテルブルグ', null, '2013', 'RUS', '2013-10-19 00:00:00', '2013-10-20 00:00:00', null, '2015-07-06 17:33:23', '2015-07-06 17:33:23', '0'), ('33', '7', 'グランドスラム・モスクワ', null, '2013', 'RUS', '2013-07-21 00:00:00', '2013-07-21 00:00:00', null, '2015-07-06 17:40:07', '2015-07-06 17:40:07', '0'), ('34', '3', '平成27年全日本選抜柔道体重別選手権大会', null, '2015', 'JPN', '2015-04-04 00:00:00', '2015-04-05 00:00:00', null, '2015-07-07 01:57:44', '2015-07-11 01:23:23', '0'), ('35', '19', 'ヨーロッパオープン･オーバーヴァルト', 'European Open Oberwart', '2015', 'AUT', '2015-02-14 00:00:00', '2015-02-15 00:00:00', '1193', '2015-07-08 12:33:17', '2015-09-17 01:25:44', '0'), ('36', '4', '第30回オリンピック競技大会(2012／ロンドン)', 'Olympic Games London 2012', '2012', 'GBR', '2012-07-28 00:00:00', '2012-08-03 00:00:00', '1089', '2015-07-16 16:57:04', '2015-09-17 01:25:44', '0'), ('37', '5', 'World Championships Paris 2011', 'World Championships Paris 2011', '2011', 'FRA', '2011-08-23 00:00:00', '2011-08-23 00:00:00', '956', '2015-07-22 10:26:39', '2015-09-17 01:25:44', '0'), ('38', '5', 'World Championships Tokyo 2010', 'World Championships Tokyo 2010', '2010', 'JPN', '2010-09-09 00:00:00', '2010-09-09 00:00:00', '1008', '2015-07-22 10:26:39', '2015-09-17 01:25:44', '0');

INSERT INTO `t_tlevel` VALUES ('1', '2', '1', '0', null, '2015-07-11 03:02:42', '0'), ('2', '2', '2', '0', null, '2015-07-11 03:02:42', '0'), ('3', '2', '3', '0', null, '2015-07-11 03:02:42', '0'), ('4', '2', '4', '0', null, '2015-07-11 03:02:42', '0'), ('5', '2', '5', '0', null, '2015-07-11 03:02:42', '0'), ('6', '2', '6', '0', null, '2015-07-11 03:02:42', '0'), ('7', '2', '7', '0', null, '2015-07-11 03:02:42', '0'), ('8', '2', '8', '1', null, '2015-07-11 03:02:42', '0'), ('9', '2', '9', '0', null, '2015-07-11 03:02:42', '0'), ('10', '2', '10', '1', null, '2015-07-11 03:02:42', '0'), ('11', '2', '11', '0', null, '2015-07-11 03:02:42', '0'), ('12', '2', '12', '0', null, '2015-07-11 03:02:42', '0'), ('13', '2', '13', '0', null, '2015-07-11 03:02:42', '0'), ('14', '2', '14', '0', null, '2015-07-11 03:02:42', '0'), ('15', '3', '1', '3', null, null, '0'), ('16', '3', '2', '3', null, null, '0'), ('17', '3', '3', '0', null, null, '0'), ('18', '3', '4', '0', null, null, '0'), ('19', '3', '5', '0', null, null, '0'), ('20', '3', '6', '0', null, null, '0'), ('21', '3', '7', '0', null, null, '0'), ('22', '3', '8', '0', null, null, '0'), ('23', '3', '9', '0', null, null, '0'), ('24', '3', '10', '0', null, null, '0'), ('25', '3', '11', '0', null, null, '0'), ('26', '3', '12', '0', null, null, '0'), ('27', '3', '13', '0', null, null, '0'), ('28', '3', '14', '0', null, null, '0'), ('29', '4', '1', '0', null, null, '0'), ('30', '4', '2', '0', null, null, '0'), ('31', '4', '3', '0', null, null, '0'), ('32', '4', '4', '0', null, null, '0'), ('33', '4', '5', '0', null, null, '0'), ('34', '4', '6', '0', null, null, '0'), ('35', '4', '7', '0', null, null, '0'), ('36', '4', '8', '1', null, '2015-07-11 11:09:00', '0'), ('37', '4', '9', '0', null, null, '0'), ('38', '4', '10', '0', null, null, '0'), ('39', '4', '11', '0', null, null, '0'), ('40', '4', '12', '0', null, null, '0'), ('41', '4', '13', '0', null, null, '0'), ('42', '4', '14', '0', null, null, '0'), ('43', '5', '1', '0', null, null, '0'), ('44', '5', '2', '1', null, null, '0'), ('45', '5', '3', '0', null, null, '0'), ('46', '5', '4', '0', null, null, '0'), ('47', '5', '5', '0', null, null, '0'), ('48', '5', '6', '0', null, null, '0'), ('49', '5', '7', '0', null, null, '0'), ('50', '5', '8', '0', null, null, '0'), ('51', '5', '9', '1', null, null, '0'), ('52', '5', '10', '0', null, null, '0'), ('53', '5', '11', '0', null, null, '0'), ('54', '5', '12', '0', null, null, '0'), ('55', '5', '13', '0', null, null, '0'), ('56', '5', '14', '0', null, null, '0'), ('57', '6', '1', '1', null, null, '0'), ('58', '6', '2', '1', null, null, '0'), ('59', '6', '3', '0', null, null, '0'), ('60', '6', '4', '0', null, null, '0'), ('61', '6', '5', '0', null, null, '0'), ('62', '6', '6', '0', null, null, '0'), ('63', '6', '7', '0', null, null, '0'), ('64', '6', '8', '0', null, null, '0'), ('65', '6', '9', '0', null, null, '0'), ('66', '6', '10', '0', null, null, '0'), ('67', '6', '11', '0', null, null, '0'), ('68', '6', '12', '0', null, null, '0'), ('69', '6', '13', '0', null, null, '0'), ('70', '6', '14', '0', null, null, '0'), ('71', '7', '1', '0', null, null, '0'), ('72', '7', '2', '1', null, null, '0'), ('73', '7', '3', '0', null, null, '0'), ('74', '7', '4', '0', null, null, '0'), ('75', '7', '5', '0', null, null, '0'), ('76', '7', '6', '0', null, null, '0'), ('77', '7', '7', '0', null, null, '0'), ('78', '7', '8', '2', null, null, '0'), ('79', '7', '9', '3', null, null, '0'), ('80', '7', '10', '3', null, null, '0'), ('81', '7', '11', '0', null, null, '0'), ('82', '7', '12', '0', null, null, '0'), ('83', '7', '13', '0', null, null, '0'), ('84', '7', '14', '0', null, null, '0'), ('85', '9', '1', '1', null, null, '0'), ('86', '9', '2', '0', null, null, '0'), ('87', '9', '3', '0', null, null, '0'), ('88', '9', '4', '0', null, null, '0'), ('89', '9', '5', '0', null, null, '0'), ('90', '9', '6', '0', null, null, '0'), ('91', '9', '7', '0', null, null, '0'), ('92', '9', '8', '1', null, null, '0'), ('93', '9', '9', '1', null, null, '0'), ('94', '9', '10', '0', null, null, '0'), ('95', '9', '11', '0', null, null, '0'), ('96', '9', '12', '0', null, null, '0'), ('97', '9', '13', '0', null, null, '0'), ('98', '9', '14', '0', null, null, '0'), ('99', '10', '1', '1', null, null, '0'), ('100', '10', '2', '2', null, null, '0');
INSERT INTO `t_tlevel` VALUES ('101', '10', '3', '0', null, null, '0'), ('102', '10', '4', '0', null, null, '0'), ('103', '10', '5', '0', null, null, '0'), ('104', '10', '6', '0', null, null, '0'), ('105', '10', '7', '0', null, null, '0'), ('106', '10', '8', '0', null, null, '0'), ('107', '10', '9', '0', null, null, '0'), ('108', '10', '10', '3', null, null, '0'), ('109', '10', '11', '0', null, null, '0'), ('110', '10', '12', '0', null, null, '0'), ('111', '10', '13', '0', null, null, '0'), ('112', '10', '14', '0', null, null, '0'), ('113', '11', '1', '1', null, null, '0'), ('114', '11', '2', '1', null, null, '0'), ('115', '11', '3', '0', null, null, '0'), ('116', '11', '4', '0', null, null, '0'), ('117', '11', '5', '0', null, null, '0'), ('118', '11', '6', '0', null, null, '0'), ('119', '11', '7', '0', null, null, '0'), ('120', '11', '8', '0', null, null, '0'), ('121', '11', '9', '0', null, null, '0'), ('122', '11', '10', '1', null, null, '0'), ('123', '11', '11', '0', null, null, '0'), ('124', '11', '12', '0', null, null, '0'), ('125', '11', '13', '0', null, null, '0'), ('126', '11', '14', '0', null, null, '0'), ('127', '12', '1', '3', null, null, '0'), ('128', '12', '2', '3', null, null, '0'), ('129', '12', '3', '0', null, null, '0'), ('130', '12', '4', '0', null, null, '0'), ('131', '12', '5', '0', null, null, '0'), ('132', '12', '6', '0', null, null, '0'), ('133', '12', '7', '0', null, null, '0'), ('134', '12', '8', '3', null, null, '0'), ('135', '12', '9', '3', null, null, '0'), ('136', '12', '10', '3', null, null, '0'), ('137', '12', '11', '0', null, null, '0'), ('138', '12', '12', '0', null, null, '0'), ('139', '12', '13', '0', null, null, '0'), ('140', '12', '14', '0', null, null, '0'), ('141', '15', '1', '0', null, null, '0'), ('142', '15', '2', '1', null, null, '0'), ('143', '15', '3', '0', null, null, '0'), ('144', '15', '4', '0', null, null, '0'), ('145', '15', '5', '0', null, null, '0'), ('146', '15', '6', '0', null, null, '0'), ('147', '15', '7', '0', null, null, '0'), ('148', '15', '8', '0', null, null, '0'), ('149', '15', '9', '0', null, null, '0'), ('150', '15', '10', '0', null, null, '0'), ('151', '15', '11', '0', null, null, '0'), ('152', '15', '12', '0', null, null, '0'), ('153', '15', '13', '0', null, null, '0'), ('154', '15', '14', '0', null, null, '0'), ('155', '16', '1', '1', null, null, '0'), ('156', '16', '2', '1', null, null, '0'), ('157', '16', '3', '0', null, null, '0'), ('158', '16', '4', '0', null, null, '0'), ('159', '16', '5', '0', null, null, '0'), ('160', '16', '6', '0', null, null, '0'), ('161', '16', '7', '0', null, null, '0'), ('162', '16', '8', '1', null, null, '0'), ('163', '16', '9', '0', null, null, '0'), ('164', '16', '10', '1', null, null, '0'), ('165', '16', '11', '0', null, null, '0'), ('166', '16', '12', '0', null, null, '0'), ('167', '16', '13', '0', null, null, '0'), ('168', '16', '14', '0', null, null, '0'), ('169', '17', '1', '1', null, null, '0'), ('170', '17', '2', '2', null, null, '0'), ('171', '17', '3', '0', null, null, '0'), ('172', '17', '4', '0', null, null, '0'), ('173', '17', '5', '0', null, null, '0'), ('174', '17', '6', '0', null, null, '0'), ('175', '17', '7', '0', null, null, '0'), ('176', '17', '8', '0', null, null, '0'), ('177', '17', '9', '0', null, null, '0'), ('178', '17', '10', '0', null, null, '0'), ('179', '17', '11', '0', null, null, '0'), ('180', '17', '12', '0', null, null, '0'), ('181', '17', '13', '0', null, null, '0'), ('182', '17', '14', '0', null, null, '0'), ('183', '18', '1', '0', null, null, '0'), ('184', '18', '2', '3', null, null, '0'), ('185', '18', '3', '0', null, null, '0'), ('186', '18', '4', '0', null, null, '0'), ('187', '18', '5', '0', null, null, '0'), ('188', '18', '6', '0', null, null, '0'), ('189', '18', '7', '0', null, null, '0'), ('190', '18', '8', '1', null, null, '0'), ('191', '18', '9', '3', null, null, '0'), ('192', '18', '10', '0', null, null, '0'), ('193', '18', '11', '0', null, null, '0'), ('194', '18', '12', '0', null, null, '0'), ('195', '18', '13', '0', null, null, '0'), ('196', '18', '14', '0', null, null, '0'), ('197', '19', '1', '2', null, null, '0'), ('198', '19', '2', '3', null, null, '0'), ('199', '19', '3', '0', null, null, '0'), ('200', '19', '4', '0', null, null, '0');
INSERT INTO `t_tlevel` VALUES ('201', '19', '5', '0', null, null, '0'), ('202', '19', '6', '0', null, null, '0'), ('203', '19', '7', '0', null, null, '0'), ('204', '19', '8', '3', null, null, '0'), ('205', '19', '9', '0', null, null, '0'), ('206', '19', '10', '3', null, null, '0'), ('207', '19', '11', '0', null, null, '0'), ('208', '19', '12', '0', null, null, '0'), ('209', '19', '13', '0', null, null, '0'), ('210', '19', '14', '0', null, null, '0'), ('211', '20', '1', '0', null, null, '0'), ('212', '20', '2', '0', null, null, '0'), ('213', '20', '3', '0', null, null, '0'), ('214', '20', '4', '0', null, null, '0'), ('215', '20', '5', '0', null, null, '0'), ('216', '20', '6', '0', null, null, '0'), ('217', '20', '7', '0', null, null, '0'), ('218', '20', '8', '3', null, null, '0'), ('219', '20', '9', '1', null, null, '0'), ('220', '20', '10', '1', null, null, '0'), ('221', '20', '11', '0', null, null, '0'), ('222', '20', '12', '0', null, null, '0'), ('223', '20', '13', '0', null, null, '0'), ('224', '20', '14', '0', null, null, '0'), ('225', '21', '1', '3', null, null, '0'), ('226', '21', '2', '3', null, null, '0'), ('227', '21', '3', '0', null, null, '0'), ('228', '21', '4', '0', null, null, '0'), ('229', '21', '5', '0', null, null, '0'), ('230', '21', '6', '0', null, null, '0'), ('231', '21', '7', '0', null, null, '0'), ('232', '21', '8', '3', null, null, '0'), ('233', '21', '9', '3', null, null, '0'), ('234', '21', '10', '3', null, null, '0'), ('235', '21', '11', '0', null, null, '0'), ('236', '21', '12', '0', null, null, '0'), ('237', '21', '13', '0', null, null, '0'), ('238', '21', '14', '0', null, null, '0'), ('239', '23', '1', '3', null, null, '0'), ('240', '23', '2', '0', null, null, '0'), ('241', '23', '3', '0', null, null, '0'), ('242', '23', '4', '0', null, null, '0'), ('243', '23', '5', '0', null, null, '0'), ('244', '23', '6', '0', null, null, '0'), ('245', '23', '7', '0', null, null, '0'), ('246', '23', '8', '0', null, null, '0'), ('247', '23', '9', '0', null, null, '0'), ('248', '23', '10', '0', null, null, '0'), ('249', '23', '11', '0', null, null, '0'), ('250', '23', '12', '0', null, null, '0'), ('251', '23', '13', '0', null, null, '0'), ('252', '23', '14', '0', null, null, '0'), ('253', '24', '1', '2', null, null, '0'), ('254', '24', '2', '3', null, null, '0'), ('255', '24', '3', '0', null, null, '0'), ('256', '24', '4', '0', null, null, '0'), ('257', '24', '5', '0', null, null, '0'), ('258', '24', '6', '0', null, null, '0'), ('259', '24', '7', '0', null, null, '0'), ('260', '24', '8', '0', null, null, '0'), ('261', '24', '9', '0', null, null, '0'), ('262', '24', '10', '0', null, null, '0'), ('263', '24', '11', '0', null, null, '0'), ('264', '24', '12', '0', null, null, '0'), ('265', '24', '13', '0', null, null, '0'), ('266', '24', '14', '0', null, null, '0'), ('267', '26', '1', '2', null, null, '0'), ('268', '26', '2', '3', null, null, '0'), ('269', '26', '3', '0', null, null, '0'), ('270', '26', '4', '0', null, null, '0'), ('271', '26', '5', '0', null, null, '0'), ('272', '26', '6', '0', null, null, '0'), ('273', '26', '7', '0', null, null, '0'), ('274', '26', '8', '3', null, null, '0'), ('275', '26', '9', '3', null, null, '0'), ('276', '26', '10', '3', null, null, '0'), ('277', '26', '11', '0', null, null, '0'), ('278', '26', '12', '0', null, null, '0'), ('279', '26', '13', '0', null, null, '0'), ('280', '26', '14', '0', null, null, '0'), ('281', '27', '1', '3', null, null, '0'), ('282', '27', '2', '3', null, null, '0'), ('283', '27', '3', '0', null, null, '0'), ('284', '27', '4', '0', null, null, '0'), ('285', '27', '5', '0', null, null, '0'), ('286', '27', '6', '0', null, null, '0'), ('287', '27', '7', '0', null, null, '0'), ('288', '27', '8', '3', null, null, '0'), ('289', '27', '9', '3', null, null, '0'), ('290', '27', '10', '3', null, null, '0'), ('291', '27', '11', '0', null, null, '0'), ('292', '27', '12', '0', null, null, '0'), ('293', '27', '13', '0', null, null, '0'), ('294', '27', '14', '0', null, null, '0'), ('295', '28', '1', '0', null, null, '0'), ('296', '28', '2', '0', null, null, '0'), ('297', '28', '3', '0', null, null, '0'), ('298', '28', '4', '0', null, null, '0'), ('299', '28', '5', '0', null, null, '0'), ('300', '28', '6', '0', null, null, '0');
INSERT INTO `t_tlevel` VALUES ('301', '28', '7', '0', null, null, '0'), ('302', '28', '8', '3', null, null, '0'), ('303', '28', '9', '3', null, null, '0'), ('304', '28', '10', '3', null, null, '0'), ('305', '28', '11', '0', null, null, '0'), ('306', '28', '12', '0', null, null, '0'), ('307', '28', '13', '0', null, null, '0'), ('308', '28', '14', '0', null, null, '0'), ('309', '29', '1', '0', null, null, '0'), ('310', '29', '2', '2', null, null, '0'), ('311', '29', '3', '0', null, null, '0'), ('312', '29', '4', '0', null, null, '0'), ('313', '29', '5', '0', null, null, '0'), ('314', '29', '6', '0', null, null, '0'), ('315', '29', '7', '0', null, null, '0'), ('316', '29', '8', '0', null, null, '0'), ('317', '29', '9', '1', null, null, '0'), ('318', '29', '10', '0', null, null, '0'), ('319', '29', '11', '0', null, null, '0'), ('320', '29', '12', '0', null, null, '0'), ('321', '29', '13', '0', null, null, '0'), ('322', '29', '14', '0', null, null, '0'), ('323', '30', '1', '3', null, null, '0'), ('324', '30', '2', '3', null, null, '0'), ('325', '30', '3', '0', null, null, '0'), ('326', '30', '4', '0', null, null, '0'), ('327', '30', '5', '0', null, null, '0'), ('328', '30', '6', '0', null, null, '0'), ('329', '30', '7', '0', null, null, '0'), ('330', '30', '8', '3', null, null, '0'), ('331', '30', '9', '3', null, null, '0'), ('332', '30', '10', '3', null, null, '0'), ('333', '30', '11', '0', null, null, '0'), ('334', '30', '12', '0', null, null, '0'), ('335', '30', '13', '0', null, null, '0'), ('336', '30', '14', '0', null, null, '0'), ('337', '31', '1', '0', null, null, '0'), ('338', '31', '2', '0', null, null, '0'), ('339', '31', '3', '0', null, null, '0'), ('340', '31', '4', '0', null, null, '0'), ('341', '31', '5', '0', null, null, '0'), ('342', '31', '6', '0', null, null, '0'), ('343', '31', '7', '0', null, null, '0'), ('344', '31', '8', '2', null, null, '0'), ('345', '31', '9', '3', null, null, '0'), ('346', '31', '10', '2', null, null, '0'), ('347', '31', '11', '0', null, null, '0'), ('348', '31', '12', '0', null, null, '0'), ('349', '31', '13', '0', null, null, '0'), ('350', '31', '14', '0', null, null, '0'), ('351', '32', '1', '0', null, null, '0'), ('352', '32', '2', '2', null, null, '0'), ('353', '32', '3', '0', null, null, '0'), ('354', '32', '4', '0', null, null, '0'), ('355', '32', '5', '0', null, null, '0'), ('356', '32', '6', '0', null, null, '0'), ('357', '32', '7', '0', null, null, '0'), ('358', '32', '8', '0', null, null, '0'), ('359', '32', '9', '0', null, null, '0'), ('360', '32', '10', '0', null, null, '0'), ('361', '32', '11', '0', null, null, '0'), ('362', '32', '12', '0', null, null, '0'), ('363', '32', '13', '0', null, null, '0'), ('364', '32', '14', '0', null, null, '0'), ('365', '33', '1', '0', null, null, '0'), ('366', '33', '2', '0', null, null, '0'), ('367', '33', '3', '0', null, null, '0'), ('368', '33', '4', '0', null, null, '0'), ('369', '33', '5', '0', null, null, '0'), ('370', '33', '6', '0', null, null, '0'), ('371', '33', '7', '0', null, null, '0'), ('372', '33', '8', '0', null, null, '0'), ('373', '33', '9', '0', null, null, '0'), ('374', '33', '10', '3', null, null, '0'), ('375', '33', '11', '0', null, null, '0'), ('376', '33', '12', '0', null, null, '0'), ('377', '33', '13', '0', null, null, '0'), ('378', '33', '14', '0', null, null, '0'), ('379', '35', '1', '0', null, null, '0'), ('380', '35', '2', '0', null, null, '0'), ('381', '35', '3', '0', null, null, '0'), ('382', '35', '4', '0', null, null, '0'), ('383', '35', '5', '0', null, null, '0'), ('384', '35', '6', '0', null, null, '0'), ('385', '35', '7', '0', null, null, '0'), ('386', '35', '8', '0', null, null, '0'), ('387', '35', '9', '0', null, null, '0'), ('388', '35', '10', '3', null, null, '0'), ('389', '35', '11', '0', null, null, '0'), ('390', '35', '12', '0', null, null, '0'), ('391', '35', '13', '0', null, null, '0'), ('392', '35', '14', '0', null, null, '0');

-- ----------------------------
-- Auto increment value for m_player
-- ----------------------------
ALTER TABLE `m_player` AUTO_INCREMENT=179;

-- ----------------------------
-- Auto increment value for m_rank
-- ----------------------------
ALTER TABLE `m_rank` AUTO_INCREMENT=15;

-- ----------------------------
-- Auto increment value for m_shistory
-- ----------------------------
ALTER TABLE `m_shistory` AUTO_INCREMENT=28;

-- ----------------------------
-- Auto increment value for m_superplayer
-- ----------------------------
ALTER TABLE `m_superplayer` AUTO_INCREMENT=20;

-- ----------------------------
-- Auto increment value for m_tname
-- ----------------------------
ALTER TABLE `m_tname` AUTO_INCREMENT=20;

-- ----------------------------
-- Auto increment value for m_user
-- ----------------------------
ALTER TABLE `m_user` AUTO_INCREMENT=8;

-- ----------------------------
-- Auto increment value for m_vpoint
-- ----------------------------
ALTER TABLE `m_vpoint` AUTO_INCREMENT=61;

-- ----------------------------
-- Auto increment value for m_weight
-- ----------------------------
ALTER TABLE `m_weight` AUTO_INCREMENT=15;

-- ----------------------------
-- Auto increment value for t_patch
-- ----------------------------
ALTER TABLE `t_patch` AUTO_INCREMENT=2;

-- ----------------------------
-- Auto increment value for t_result
-- ----------------------------
ALTER TABLE `t_result` AUTO_INCREMENT=247;

-- ----------------------------
-- Auto increment value for t_result_detail
-- ----------------------------
ALTER TABLE `t_result_detail` AUTO_INCREMENT=3;

-- ----------------------------
-- Auto increment value for t_tlevel
-- ----------------------------
ALTER TABLE `t_tlevel` AUTO_INCREMENT=393;

-- ----------------------------
-- Auto increment value for t_tournament
-- ----------------------------
ALTER TABLE `t_tournament` AUTO_INCREMENT=36;

-- ----------------------------
-- Auto increment value for t_trank
-- ----------------------------
ALTER TABLE `t_trank` AUTO_INCREMENT=1065;
